"","phateTrex_1","phateTrex_2","orig.ident","nCount_RNA","nFeature_RNA","CTaa","CTgene","TCRB.epitope","TCRA.epitope","n","donor","tissue","timepoint","CD4.annot","CD8.annot","DICE.annot","CD8.score","SequencingRun","Orig.Cluster","T_nn_res.0.5","seurat_clusters","leiden.clusters","TRB_Epitope.target","TRB_Epitope.sequence","TRB_Epitope.species","TRB_Tissue","TRB_CellType","TRB_Database","TRA_Epitope.target","TRA_Epitope.sequence","TRA_Epitope.species","TRA_Tissue","TRA_CellType","TRA_Database","viral.epitope","bacterial.epitope","COVID.epitope","TRAV","TRBV","confirmation.seq","confirmation.neighbors.TCRA","confirmation.neighbors.TCRB","TCR.both"
"CAGQLHKAAGNKLTF_CASSVADGRGQYF",-0.0150879538239796,-0.0075511415338843,"Trex",3103.62803419318,2809,"CAGQLHKAAGNKLTF_CASSVADGRGQYF","TRAV35.TRAJ17.TRAC_TRBV9..TRBJ2-7.TRBC2",NA,"S167.180",1,"368-01a","LN","d28","Tfh_Memory",NA,"T cells, CD4+, TFH","No","s11",7,"1","1","1",NA,NA,NA,NA,NA,NA,NA,NA,NA,NA,NA,NA,NA,NA,"COVID","TRAV35","TRBV9",NA,"TCR.2",NA,"TCR.2"
"CAGQLVKAAGNKLTF_CASSPRGISPDTQYF",-0.0123183973313454,-0.00593680844654384,"Trex",3341.63286581719,2513,"CAGQLVKAAGNKLTF_CASSPRGISPDTQYF","TRAV35.TRAJ17.TRAC_TRBV18..TRBJ2-3.TRBC2",NA,NA,1,"368-01a","LN","d28","Tfh_Effector",NA,"T cells, CD4+, TFH","No","s11",7,"1","1","1",NA,NA,NA,NA,NA,NA,NA,NA,NA,NA,NA,NA,NA,NA,NA,"TRAV35","TRBV18",NA,"TCR.2",NA,"TCR.2"
"CAGQLNKAAGNKLTF_CASTLGEGSFGYTF",-0.00670824272480728,-0.00262528485954751,"Trex",3362.3482206628,2637,"CAGQLNKAAGNKLTF_CASTLGEGSFGYTF","TRAV35.TRAJ17.TRAC_TRBV9..TRBJ1-2.TRBC1",NA,"S167.180",1,"368-01a","LN","d28","Tfh_Memory",NA,"T cells, CD4+, TFH","No","s11",7,"3","3","1",NA,NA,NA,NA,NA,NA,NA,NA,NA,NA,NA,NA,NA,NA,"COVID","TRAV35","TRBV9",NA,"TCR.2",NA,"TCR.2"
"CATDTGGGNKLTF_CSARADGNTGELFF",0.0386579986646749,-0.00385839839844176,"Trex",3284.87837252615,3459,"CATDTGGGNKLTF_CSARADGNTGELFF","TRAV17.TRAJ10.TRAC_TRBV20-1..TRBJ2-2.TRBC2",NA,NA,1,"368-01a","LN","d28","Tfh_Memory",NA,"T cells, CD4+, TFH","No","s12",2,"2","2","2",NA,NA,NA,NA,NA,NA,"UL29;NA","KLGGALQAK;NA","CMV;NA","PBMC;NA",NA,"VDJdb;NA","viral",NA,NA,"TRAV17","TRBV20-1",NA,"TCR.1",NA,"TCR.1"
"CAGQLFKAAGNKLTF_CASSADRGGETQYF",-0.0142961148241267,0.000475783156692744,"Trex",2112.2943939037,1023,"CAGQLFKAAGNKLTF_CASSADRGGETQYF","TRAV35.TRAJ17.TRAC_TRBV9..TRBJ2-5.TRBC2",NA,"S167.180",1,"368-01a","LN","d28","Tfh_Effector",NA,"T cells, CD4+, TFH","No","s12",7,"0","0","0",NA,NA,NA,NA,NA,NA,NA,NA,NA,NA,NA,NA,NA,NA,"COVID","TRAV35","TRBV9",NA,"TCR.2",NA,"TCR.2"
"CAGQLFKAAGNKLTF_CASSVASAPETQYF",-0.014390375366297,0.00162474309232306,"Trex",2349.73411957081,1260,"CAGQLFKAAGNKLTF_CASSVASAPETQYF","TRAV35.TRAJ17.TRAC_TRBV9..TRBJ2-5.TRBC2",NA,"S167.180",1,"368-01a","LN","d28","Tfh_Effector",NA,"T cells, CD4+, TFH","No","s12",7,"0","0","0",NA,NA,NA,NA,NA,NA,NA,NA,NA,NA,NA,NA,NA,NA,"COVID","TRAV35","TRBV9",NA,"TCR.2",NA,"TCR.2"
"CAGQLYKAAGNKLTF_CASSPRGANTGELFF",-0.0127908515559018,0.00198276284593592,"Trex",1897.71337541013,829,"CAGQLYKAAGNKLTF_CASSPRGANTGELFF","TRAV35.TRAJ17.TRAC_TRBV6-1..TRBJ2-2.TRBC2",NA,"S167.180",1,"368-01a","LN","d28","Tfh_Effector",NA,"T cells, CD4+, TFH","No","s12",7,"0","0","0","C.albicans",NA,NA,"PBMC",NA,"TBAdb",NA,NA,NA,NA,NA,NA,NA,"bacterial","COVID","TRAV35","TRBV6-1",NA,"TCR.2",NA,"TCR.2"
"CAGQLGKAAGNKLTF_CASSSRDSSPYGYTF",-0.0114209696286261,-0.00563224590510274,"Trex",3209.69363896665,2560,"CAGQLGKAAGNKLTF_CASSSRDSSPYGYTF","TRAV35.TRAJ17.TRAC_TRBV7-2..TRBJ1-2.TRBC1",NA,NA,1,"368-01a","LN","d28","Tfh_Memory",NA,"T cells, CD4+, TFH","No","s12",7,"1","1","1",NA,NA,NA,NA,NA,NA,NA,NA,NA,NA,NA,NA,NA,NA,NA,"TRAV35","TRBV7-2",NA,"TCR.2",NA,"TCR.2"
"CATDVTGGGNKLTF_CASSPRRGEQFF",-0.0124481613519149,0.00236215742901332,"Trex",2409.98146457228,1494,"CATDVTGGGNKLTF_CASSPRRGEQFF","TRAV17.TRAJ10.TRAC_TRBV7-3..TRBJ2-1.TRBC2",NA,NA,1,"368-01a","LN","d60","Tfh_Effector",NA,"T cells, CD4+, TFH","No","s13",4,"0","0","0",NA,NA,NA,NA,NA,NA,NA,NA,NA,NA,NA,NA,NA,NA,NA,"TRAV17","TRBV7-3",NA,"TCR.1",NA,"TCR.1"
"CAGQLYKAAGNKLTF_CASSQGGLGVHF",-0.0121522663261462,0.00191005700391088,"Trex",2681.46290510269,1611,"CAGQLYKAAGNKLTF_CASSQGGLGVHF","TRAV35.TRAJ17.TRAC_TRBV19..TRBJ2-3.TRBC2",NA,"S167.180",1,"368-01a","LN","d60","Tfh_Memory",NA,"T cells, CD4+, TFH","No","s14",7,"0","0","0",NA,NA,NA,NA,NA,NA,NA,NA,NA,NA,NA,NA,NA,NA,"COVID","TRAV35","TRBV19",NA,"TCR.2",NA,"TCR.2"
"CAVRSGTYKYIF_CASSPGGRVYEKLFF",-0.0137911577133729,0.00221363295567971,"Trex",2748.94714461613,1970,"CAVRSGTYKYIF_CASSPGGRVYEKLFF","TRAV21.TRAJ40.TRAC_TRBV7-2..TRBJ1-4.TRBC1",NA,NA,1,"368-01a","LN","d110","Tfh_Memory",NA,"T cells, CD4+, TFH","No","s15",3,"0","0","0",NA,NA,NA,NA,NA,NA,NA,NA,NA,NA,NA,NA,NA,NA,NA,"TRAV21","TRBV7-2",NA,"TCR.5",NA,"TCR.5"
"CAGQLFKAAGNKLTF_CASSPRPGGELFF",-0.0133360782484078,-0.00638688506397539,"Trex",3395.55737007154,3068,"CAGQLFKAAGNKLTF_CASSPRPGGELFF","TRAV35.TRAJ17.TRAC_TRBV7-6..TRBJ2-2.TRBC2",NA,"S167.180",1,"368-01a","LN","d110","Tfh_Memory",NA,"T cells, CD4+, TFH","No","s15",7,"1","1","1",NA,NA,NA,NA,NA,NA,NA,NA,NA,NA,NA,NA,NA,NA,"COVID","TRAV35","TRBV7-6",NA,"TCR.2",NA,"TCR.2"
"CAGQLNKAAGNKLTF_CASSYSGSSLWQYF",-0.0126992768615351,-0.00669997900027543,"Trex",2938.42519371402,1934,"CAGQLNKAAGNKLTF_CASSYSGSSLWQYF","TRAV35.TRAJ17.TRAC_TRBV6-2..TRBJ2-7.TRBC2",NA,"S167.180",1,"368-22","LN","d60","Tfh_Memory",NA,"T cells, CD4+, TFH","No","s17",7,"1","1","1",NA,NA,NA,NA,NA,NA,NA,NA,NA,NA,NA,NA,NA,NA,"COVID","TRAV35","TRBV6-2",NA,"TCR.2",NA,"TCR.2"
"CATGLTGGGNKLTF_CASSSGGGNQPQHF",-0.0133731957136943,-0.000882970601175773,"Trex",2741.99896984304,1854,"CATGLTGGGNKLTF_CASSSGGGNQPQHF","TRAV17.TRAJ10.TRAC_TRBV19..TRBJ1-5.TRBC1",NA,NA,1,"368-22","LN","d60","Tfh_Effector",NA,"T cells, CD4+, TFH","No","s17",4,"1","1","1",NA,NA,"M.Tuberculosis","PBMC","CD4","McPAS","UL29;M1;NA","KLGGALQAK;GILGFVFTL;NA","CMV;InfluenzaA;NA","PBMC;NA",NA,"VDJdb;NA","viral","bacterial",NA,"TRAV17","TRBV19",NA,NA,"TCR.1","TCR.1"
"CATGDTGGGNKLTF_CASSGGGGNQPQHF",-0.0105843035444581,0.0030260071902828,"Trex",3096.69947592299,2144,"CATGDTGGGNKLTF_CASSGGGGNQPQHF","TRAV17.TRAJ10.TRAC_TRBV19..TRBJ1-5.TRBC1",NA,NA,1,"368-22","LN","d60","Tfh_Effector",NA,"T cells, CD4+, TFH","No","s17",4,"0","0","0","C.albicans",NA,NA,"PBMC",NA,"TBAdb",NA,NA,NA,NA,NA,NA,NA,"bacterial",NA,"TRAV17","TRBV19",NA,"TCR.1","TCR.1","TCR.1"
"CATGPTGGGNKLTF_CASTLGAANQPQHF",-0.00916869832174052,-0.00284239345926984,"Trex",2948.14530514327,2598,"CATGPTGGGNKLTF_CASTLGAANQPQHF","TRAV17.TRAJ10.TRAC_TRBV19..TRBJ1-5.TRBC1",NA,NA,1,"368-22","LN","d60","Tfh_Effector",NA,"T cells, CD4+, TFH","No","s17",4,"3","3","3",NA,NA,NA,NA,NA,NA,NA,NA,NA,NA,NA,NA,NA,NA,NA,"TRAV17","TRBV19",NA,"TCR.1",NA,"TCR.1"
"CATGFTGGGNKLTF_CASTQGGGNQPQHF",-0.00989066372621572,0.00349076617513609,"Trex",2853.99888071535,2059,"CATGFTGGGNKLTF_CASTQGGGNQPQHF","TRAV17.TRAJ10.TRAC_TRBV19..TRBJ1-5.TRBC1",NA,NA,1,"368-22","LN","d60","Tfh_Effector",NA,"T cells, CD4+, TFH","No","s17",4,"0","0","0",NA,NA,NA,NA,NA,NA,NA,NA,NA,NA,NA,NA,NA,NA,NA,"TRAV17","TRBV19",NA,"TCR.1","TCR.1","TCR.1"
"CATVPTGGGNKLTF_CASSRGAGNQPQHF",-0.0138749923044197,0.00135991507568681,"Trex",2477.28278104101,1600,"CATVPTGGGNKLTF_CASSRGAGNQPQHF","TRAV17.TRAJ10.TRAC_TRBV19..TRBJ1-5.TRBC1",NA,NA,1,"368-22","LN","d60","Tfh_Effector",NA,"T cells, CD4+, TFH","No","s17",4,"0","0","0",NA,NA,NA,NA,NA,NA,NA,NA,NA,NA,NA,NA,NA,NA,NA,"TRAV17","TRBV19",NA,"TCR.1","TCR.1","TCR.1"
"CATGFTGGGNKLTF_CASQGGGGNQPQHF",-0.00266281087957106,0.00278865207251946,"Trex",3292.93354926139,3154,"CATGFTGGGNKLTF_CASQGGGGNQPQHF","TRAV17.TRAJ10.TRAC_TRBV19..TRBJ1-5.TRBC1",NA,NA,1,"368-22","LN","d60","Tfh_Effector",NA,"T cells, CD4+, TFH","No","s18",4,"3","3","3",NA,NA,NA,NA,NA,NA,NA,NA,NA,NA,NA,NA,NA,NA,NA,"TRAV17","TRBV19",NA,"TCR.1","TCR.1","TCR.1"
"CAVRGGNQFYF_CASTAGGGNQPQHF",-0.00669484792676221,0.00507976202416711,"Trex",2607.07639262124,1630,"CAVRGGNQFYF_CASTAGGGNQPQHF","TRAV21.TRAJ49.TRAC_TRBV19..TRBJ1-5.TRBC1",NA,NA,1,"368-22","LN","d60","Tfh_Effector",NA,"T cells, CD4+, TFH","No","s18",0,"3","3","3",NA,NA,NA,NA,NA,NA,"UL29;NA","KLGGALQAK;NA","CMV;NA","PBMC;NA",NA,"VDJdb;NA","viral",NA,NA,"TRAV21","TRBV19",NA,NA,"TCR.1","TCR.1"
"CATGDTGGGNKLTF_CASSIGSGNQPQHF",-0.0147671001216249,0.00112801563559223,"Trex",3360.27398667787,2882,"CATGDTGGGNKLTF_CASSIGSGNQPQHF","TRAV17.TRAJ10.TRAC_TRBV19..TRBJ1-5.TRBC1",NA,NA,1,"368-22","LN","d110","Tfh_Effector",NA,"T cells, CD4+, TFH","No","s19",4,"0","0","0",NA,NA,NA,NA,NA,NA,NA,NA,NA,NA,NA,NA,NA,NA,NA,"TRAV17","TRBV19",NA,"TCR.1","TCR.1","TCR.1"
"CATVLTGGGNKLTF_CASSRGAGNQPQHF",-0.0137849711137034,0.00158413878784692,"Trex",2086.63147925269,1050,"CATVLTGGGNKLTF_CASSRGAGNQPQHF","TRAV17.TRAJ10.TRAC_TRBV19..TRBJ1-5.TRBC1",NA,NA,1,"368-22","LN","d110","Tfh_Effector",NA,"T cells, CD4+, TFH","No","s19",4,"0","0","0",NA,NA,NA,NA,NA,NA,NA,NA,NA,NA,NA,NA,NA,NA,NA,"TRAV17","TRBV19",NA,"TCR.1","TCR.1","TCR.1"
"CATGFTGGGNKLTF_CASTEGAGNQPQHF",-0.00651307439898091,0.00519473281112312,"Trex",2586.72096746091,1713,"CATGFTGGGNKLTF_CASTEGAGNQPQHF","TRAV17.TRAJ10.TRAC_TRBV19..TRBJ1-5.TRBC1",NA,NA,1,"368-22","LN","d110","Tfh_Effector",NA,"T cells, CD4+, TFH","No","s19",4,"0","0","3",NA,NA,NA,NA,NA,NA,NA,NA,NA,NA,NA,NA,NA,NA,NA,"TRAV17","TRBV19",NA,"TCR.1",NA,"TCR.1"
"CATVLTGGGNKLTF_CASSPGTGTTGELFF",-0.0118880258374102,-0.00552459951734174,"Trex",2813.04769951027,1897,"CATVLTGGGNKLTF_CASSPGTGTTGELFF","TRAV17.TRAJ10.TRAC_TRBV18.TRBD1.TRBJ2-2.TRBC2",NA,NA,1,"368-22","LN","d110","Tfh_Memory",NA,"T cells, CD4+, TFH","No","s19",4,"1","1","1",NA,NA,NA,NA,NA,NA,NA,NA,NA,NA,NA,NA,NA,NA,NA,"TRAV17","TRBV18",NA,"TCR.1",NA,"TCR.1"
"CATGQAGGGNKLTF_CASSPGGGNQPQHF",-0.0146681753967293,0.00152925502046783,"Trex",2154.78412235715,1167,"CATGQAGGGNKLTF_CASSPGGGNQPQHF","TRAV17.TRAJ10.TRAC_TRBV19..TRBJ1-5.TRBC1",NA,NA,1,"368-22","LN","d110","Tfh_Memory",NA,"T cells, CD4+, TFH","No","s20",4,"0","0","0","UL29;NA","NLVPMVATV;NA","CMV;Psoriatic arthritis","PBMC;Skin","CD8;NA","VDJdb;McPAS;TBAdb",NA,NA,NA,NA,NA,NA,"viral",NA,NA,"TRAV17","TRBV19",NA,"TCR.1","TCR.1","TCR.1"
"CAVLINAGNNRKLIW_CASSLVGAQGNYGYTF",-0.0162766156297915,0.00128119862867545,"Trex",2603.7009922306,1947,"CAVLINAGNNRKLIW_CASSLVGAQGNYGYTF","TRAV21.TRAJ38.TRAC_TRBV7-8..TRBJ1-2.TRBC1",NA,NA,1,"368-22","LN","d110","Tfh_Effector",NA,"T cells, CD4+, TFH","No","s20",5,"0","0","0",NA,NA,NA,NA,NA,NA,NA,NA,NA,NA,NA,NA,NA,NA,NA,"TRAV21","TRBV7-8",NA,"TCR.4",NA,"TCR.4"
"CATGATGGGNKLTF_CASSMGGGNQPQHF",-0.0144275494062343,0.00129813069238342,"Trex",2896.48250771594,1861,"CATGATGGGNKLTF_CASSMGGGNQPQHF","TRAV17.TRAJ10.TRAC_TRBV19..TRBJ1-5.TRBC1",NA,NA,1,"368-22","LN","d110","Tfh_Effector",NA,"T cells, CD4+, TFH","No","s20",4,"0","0","0",NA,NA,NA,NA,NA,NA,NA,NA,NA,NA,NA,NA,NA,NA,NA,"TRAV17","TRBV19",NA,"TCR.1",NA,"TCR.1"
"CAGQLHKAAGNKLTF_CASSGRTDTQYF",-0.00715138592790224,-0.00326924181712545,"Trex",2848.24137679848,1977,"CAGQLHKAAGNKLTF_CASSGRTDTQYF","TRAV35.TRAJ17.TRAC_TRBV6-1..TRBJ2-3.TRBC2",NA,"S167.180",1,"368-22","LN","d110","Tfh_Effector",NA,"T cells, CD4+, TFH","No","s20",7,"1","1","1",NA,NA,NA,NA,NA,NA,NA,NA,NA,NA,NA,NA,NA,NA,"COVID","TRAV35","TRBV6-1",NA,"TCR.2",NA,"TCR.2"
"CAGQLYKAAGNKLTF_CASSTTGGLGYTF",-0.0126221948896877,0.00167698969524312,"Trex",2687.62926030708,1994,"CAGQLYKAAGNKLTF_CASSTTGGLGYTF","TRAV35.TRAJ17.TRAC_TRBV7-2..TRBJ1-2.TRBC1",NA,"S167.180",1,"368-04","LN","d60","Tfh_Memory",NA,"T cells, CD4+, TFH","No","s23",7,"0","0","0",NA,NA,NA,NA,NA,NA,NA,NA,NA,NA,NA,NA,NA,NA,"COVID","TRAV35","TRBV7-2",NA,"TCR.2",NA,"TCR.2"
"CAGQLFKAAGNKLTF_CASSPRDGSGNTIYF",-0.0151225478092408,-1.21091406719602e-05,"Trex",2796.10334776219,2364,"CAGQLFKAAGNKLTF_CASSPRDGSGNTIYF","TRAV35.TRAJ17.TRAC_TRBV9..TRBJ1-3.TRBC1",NA,"S167.180",1,"368-04","LN","d60","Tfh_Memory",NA,"T cells, CD4+, TFH","No","s23",7,"0","0","0",NA,NA,NA,NA,NA,NA,NA,NA,NA,NA,NA,NA,NA,NA,"COVID","TRAV35","TRBV9",NA,"TCR.2",NA,"TCR.2"
"CAGQLYTAAGNKLTF_CATTPRGNTGELFF",0.0217154988056624,0.00967435764154678,"Trex",2885.63277452344,2030,"CAGQLYTAAGNKLTF_CATTPRGNTGELFF","TRAV35.TRAJ17.TRAC_TRBV2..TRBJ2-2.TRBC2",NA,NA,1,"368-20","LN","d110","Tfh_Effector",NA,"T cells, CD4+, TFH","No","s27",7,"4","4","4",NA,NA,NA,NA,NA,NA,NA,NA,NA,NA,NA,NA,NA,NA,NA,"TRAV35","TRBV2",NA,"TCR.2",NA,"TCR.2"
"CAGQLFKAAGNKLTF_CASALRGETQYF",-0.00714271026257436,-0.003728295010165,"Trex",3401.0630467545,2921,"CAGQLFKAAGNKLTF_CASALRGETQYF","TRAV35.TRAJ17.TRAC_TRBV6-2..TRBJ2-3.TRBC2",NA,"S167.180",1,"368-20","LN","d110","Tfh_Memory",NA,"T cells, CD4+, TFH","No","s28",7,"3","3","1",NA,NA,NA,NA,NA,NA,NA,NA,NA,NA,NA,NA,NA,NA,"COVID","TRAV35","TRBV6-2",NA,"TCR.2",NA,"TCR.2"
"CATDTGGGNKLTF_CASSTRDRRSGYTF",-0.0148834025521242,0.000745652031700378,"Trex",2826.5980755149,2057,"CATDTGGGNKLTF_CASSTRDRRSGYTF","TRAV17.TRAJ10.TRAC_TRBV6-1..TRBJ1-2.TRBC1",NA,NA,1,"368-13","LN","d110","Tfh_Memory",NA,"T cells, CD4+, TFH","No","s35",2,"0","0","0",NA,NA,NA,NA,NA,NA,"UL29;NA","KLGGALQAK;NA","CMV;NA","PBMC;NA",NA,"VDJdb;NA","viral",NA,NA,"TRAV17","TRBV6-1",NA,"TCR.1",NA,"TCR.1"
"CAVPLIKAAGNKLTF_CASSYGGRGNQPQHF",-0.0106593214544197,0.0027245029615148,"Trex",2660.45749384943,1934,"CAVPLIKAAGNKLTF_CASSYGGRGNQPQHF","TRAV21.TRAJ17.TRAC_TRBV19..TRBJ1-5.TRBC1",NA,NA,1,"368-13","LN","d110","Tfh_Memory",NA,"T cells, CD4+, TFH","No","s35",5,"0","0","0",NA,NA,NA,NA,NA,NA,NA,NA,NA,NA,NA,NA,NA,NA,NA,"TRAV21","TRBV19",NA,NA,"TCR.1","TCR.1"
"CAGQLHKAAGNKLTF_CASSNRDGTEAFF",-0.0131691101586941,0.00206098437990414,"Trex",2576.95393549791,1665,"CAGQLHKAAGNKLTF_CASSNRDGTEAFF","TRAV35.TRAJ17.TRAC_TRBV11-2..TRBJ1-1.TRBC1",NA,"S167.180",1,"368-01a","LN","d201","Tfh_Effector",NA,"T cells, CD4+, TFH","No","s68",7,"0","0","0",NA,NA,NA,NA,NA,NA,NA,NA,NA,NA,NA,NA,NA,NA,"COVID","TRAV35","TRBV11-2",NA,"TCR.2",NA,"TCR.2"
"CATGGPLTGGGNKLTF_CAWSRTLYGYTF",0.0131347844494737,0.0121139992936717,"Trex",3981.36820173561,4517,"CATGGPLTGGGNKLTF_CAWSRTLYGYTF","TRAV17.TRAJ10.TRAC_TRBV30..TRBJ1-2.TRBC1",NA,NA,1,"368-01a","LN","d201","Tfh_Effector",NA,"T cells, CD4+, TFH","No","s69",2,"4","4","4",NA,NA,NA,NA,NA,NA,NA,NA,NA,NA,NA,NA,NA,NA,NA,"TRAV17","TRBV30",NA,"TCR.1",NA,"TCR.1"
"CAGQLYKAAGNKLTF_CASSSRGGRADTQYF",-0.0110058855551653,0.00281730723010454,"Trex",2816.61553365051,1820,"CAGQLYKAAGNKLTF_CASSSRGGRADTQYF","TRAV35.TRAJ17.TRAC_TRBV27..TRBJ2-3.TRBC2",NA,"S167.180",1,"368-16","LN","d28","Tfh_Effector",NA,"T cells, CD4+, TFH","No","s78",7,"0","0","0",NA,NA,NA,NA,NA,NA,NA,NA,NA,NA,NA,NA,NA,NA,"COVID","TRAV35","TRBV27",NA,"TCR.2",NA,"TCR.2"
"CAASGTYKYIF_CASSQGNRANTEAFF",-0.0129993784233189,0.00178417384170461,"Trex",3201.10879237476,3086,"CAASGTYKYIF_CASSQGNRANTEAFF","TRAV21.TRAJ40.TRAC_TRBV14..TRBJ1-1.TRBC1",NA,NA,1,"368-16","LN","d28","Tfh_Memory",NA,"T cells, CD4+, TFH","No","s78",3,"0","0","0",NA,NA,NA,NA,NA,NA,"UL29;NA","KLGGALQAK;NA;NLVPMVATV","CMV;NA","PBMC;NA","NA;CD8","VDJdb;NA;TBAdb","viral",NA,NA,"TRAV21","TRBV14",NA,"TCR.5",NA,"TCR.5"
"CAVSTSGTYKYIF_CASSLEGYNEQFF",-0.0173930222431857,0.000843156707687769,"Trex",2496.66953355262,1854,"CAVSTSGTYKYIF_CASSLEGYNEQFF","TRAV21.TRAJ40.TRAC_TRBV11-3..TRBJ2-1.TRBC2",NA,NA,1,"368-16","LN","d201","Tfh_Memory",NA,"T cells, CD4+, TFH","No","s79",5,"0","0","0",NA,NA,NA,NA,NA,NA,NA,NA,NA,NA,NA,NA,NA,NA,NA,"TRAV21","TRBV11-3",NA,"TCR.5",NA,"TCR.5"
"CAGQLFKAAGNKLTF_CASSSRQGGSPLHF",-0.0123484495914355,0.00250600405779422,"Trex",2695.29727634242,1785,"CAGQLFKAAGNKLTF_CASSSRQGGSPLHF","TRAV35.TRAJ17.TRAC_TRBV3-1.TRBD1.TRBJ1-6.TRBC1",NA,"S167.180",1,"368-16","LN","d201","Tfh_Memory",NA,"T cells, CD4+, TFH","No","s80",7,"0","0","0",NA,NA,NA,NA,NA,NA,NA,NA,NA,NA,NA,NA,NA,NA,"COVID","TRAV35","TRBV3-1",NA,"TCR.2",NA,"TCR.2"
"CAGQLAKAAGNKLTF_CASSARQAVYGYTF",-0.00659741619498244,0.00554111213947964,"Trex",2969.98832836884,2726,"CAGQLAKAAGNKLTF_CASSARQAVYGYTF","TRAV35.TRAJ17.TRAC_TRBV7-8..TRBJ1-2.TRBC1",NA,NA,1,"368-16","LN","d28","Tfh_Effector",NA,"T cells, CD4+, TFH","No","s81",7,"0","0","0",NA,NA,NA,NA,NA,NA,NA,NA,NA,NA,NA,NA,NA,NA,NA,"TRAV35","TRBV7-8",NA,"TCR.2",NA,"TCR.2"
"CAVNAGNNRKLIW_CSAGPLTGEGTEAFF",0.0424603363982484,-0.00360244716522681,"Trex",2851.71291617012,2119,"CAVNAGNNRKLIW_CSAGPLTGEGTEAFF","TRAV21.TRAJ38.TRAC_TRBV20-1..TRBJ1-1.TRBC1",NA,NA,1,"368-16","LN","d28","Tfh_Memory",NA,"T cells, CD4+, TFH","No","s82",9,"2","2","2",NA,NA,NA,NA,NA,NA,"UL29;NA","NLVPMVATV;KLGGALQAK;NA","CMV;NA","PBMC;NA","CD8;NA","VDJdb;NA","viral",NA,NA,"TRAV21","TRBV20-1",NA,"TCR.4",NA,"TCR.4"
"CAKGGTDKLIF_CASSAGTGGNQPQHF",-0.015065592524639,0.000337227014057194,"Trex",3029.63750245203,2281,"CAKGGTDKLIF_CASSAGTGGNQPQHF","TRAV25.TRAJ34.TRAC_TRBV19.TRBD1.TRBJ1-5.TRBC1",NA,NA,1,"368-16","LN","d201","Tfh_Memory",NA,"T cells, CD4+, TFH","No","s84",3,"0","0","0",NA,NA,NA,NA,NA,NA,NA,NA,NA,NA,NA,NA,NA,NA,NA,"TRAV25","TRBV19",NA,NA,"TCR.1","TCR.1"
"CAGGGNAGNMLTF_CASSVTGGNQPQHF",-0.0145729034820484,0.000165800990954352,"Trex",2681.0208841785,1815,"CAGGGNAGNMLTF_CASSVTGGNQPQHF","TRAV17.TRAJ39.TRAC_TRBV19.TRBD1.TRBJ1-5.TRBC1",NA,NA,4,"368-04","LN","d28;d60","Tcmp;Tfh_Effector;Tfh_Memory",NA,"T cells, CD4+, naive, stimulated;T cells, CD4+, TFH","No","s21;s23;s24",2,"0","0","0",NA,NA,NA,NA,NA,NA,NA,NA,NA,NA,NA,NA,NA,NA,NA,"TRAV17","TRBV19",NA,NA,"TCR.1","TCR.1"
"CAGQLAKAAGNKLTF_CASSPRTANYGYTF",-0.00981300231104658,-0.00412094877262177,"Trex",4067.44816260405,5730,"CAGQLAKAAGNKLTF_CASSPRTANYGYTF","TRAV35.TRAJ17.TRAC_TRBV11-2..TRBJ1-2.TRBC1",NA,NA,3,"368-16","LN","d28","Tcmp;Tfh_Effector;Tfh_Memory",NA,"T cells, CD4+, TFH","No","s77;s78",7,"1","1","1",NA,NA,NA,NA,NA,NA,NA,NA,NA,NA,NA,NA,NA,NA,NA,"TRAV35","TRBV11-2",NA,"TCR.2",NA,"TCR.2"
"CAGQLFKAAGNKLTF_CASLTGDRGLGYTF",-0.00437573444767443,0.00177213742662884,"Trex",3093.78110631203,2666,"CAGQLFKAAGNKLTF_CASLTGDRGLGYTF","TRAV35.TRAJ17.TRAC_TRBV7-2.TRBD1.TRBJ1-2.TRBC1",NA,"S167.180",2,"368-01a","LN","d28","Tfh_Effector",NA,"T cells, CD4+, TFH","No","s12",7,"3","3","3",NA,NA,NA,NA,NA,NA,NA,NA,NA,NA,NA,NA,NA,NA,"COVID","TRAV35","TRBV7-2",NA,"TCR.2",NA,"TCR.2"
"CAGQLFKAAGNKLTF_CASSPRQGGAYGYTF",-0.0116418473965035,0.00210898090272972,"Trex",2597.11482055373,1790,"CAGQLFKAAGNKLTF_CASSPRQGGAYGYTF","TRAV35.TRAJ17.TRAC_TRBV11-2..TRBJ1-2.TRBC1",NA,"S167.180",4,"368-04","LN","d60","Tfh_Effector;Tfh_Memory",NA,"T cells, CD4+, memory TREG;T cells, CD4+, TFH","No","s23;s24",7,"0","0","0",NA,NA,NA,NA,NA,NA,NA,NA,NA,NA,NA,NA,NA,NA,"COVID","TRAV35","TRBV11-2",NA,"TCR.2",NA,"TCR.2"
"CAGQLFKAAGNKLTF_CASSSRPGQPQHF",-0.0125979860099956,0.00110839328181668,"Trex",2884.18715959775,2279,"CAGQLFKAAGNKLTF_CASSSRPGQPQHF","TRAV35.TRAJ17.TRAC_TRBV6-5..TRBJ1-5.TRBC1",NA,"S167.180",2,"368-16","LN","d201;d28","Tcm;Tfh_Memory",NA,"T cells, CD4+, naive, stimulated;T cells, CD4+, TFH","No","s79;s81",7,"0","0","0",NA,NA,NA,NA,NA,NA,NA,NA,NA,NA,NA,NA,NA,NA,"COVID","TRAV35","TRBV6-5",NA,"TCR.2",NA,"TCR.2"
"CAGQLFRAAGNKLTF_CASSLGDRGGETQYF",-0.0144466811578844,-0.00589628910342651,"Trex",3044.6322911823,2496,"CAGQLFRAAGNKLTF_CASSLGDRGGETQYF","TRAV35.TRAJ17.TRAC_TRBV5-5.TRBD1.TRBJ2-5.TRBC2",NA,"S167.180",2,"368-20","LN","d110;d60","Tfh_Effector;NA","Tpex;NA","T cells, CD4+, TFH","No;Yes","s26;s27",7,"1","1","1",NA,NA,NA,NA,NA,NA,NA,NA,NA,NA,NA,NA,NA,NA,"COVID","TRAV35","TRBV5-5",NA,"TCR.2",NA,"TCR.2"
"CAGQLHKAAGNKLTF_CASLGQGVNGYTF",-0.00076327258979554,0.00847616560552136,"Trex",2673.39305030457,2313,"CAGQLHKAAGNKLTF_CASLGQGVNGYTF","TRAV35.TRAJ17.TRAC_TRBV6-1.TRBD1.TRBJ1-2.TRBC1",NA,"S167.180",4,"368-01a","LN","d28","Tfh_Effector;Tfh_Memory",NA,"T cells, CD4+, TFH;T cells, CD4+, Th1","No","s11;s12",7,"3","3","3",NA,NA,NA,NA,NA,NA,NA,NA,NA,NA,NA,NA,NA,NA,"COVID","TRAV35","TRBV6-1",NA,"TCR.2",NA,"TCR.2"
"CAGQLHKAAGNKLTF_CASNGQGVGGYTF",-0.00346497275797009,0.00675767427620758,"Trex",2490.76662134977,1922,"CAGQLHKAAGNKLTF_CASNGQGVGGYTF","TRAV35.TRAJ17.TRAC_TRBV6-1.TRBD1.TRBJ1-2.TRBC1",NA,"S167.180",3,"368-22","LN","d110;d60","Tfh_Effector",NA,"T cells, CD4+, naive, stimulated;T cells, CD4+, TFH","No","s18;s20",7,"3","3","3",NA,NA,NA,NA,NA,NA,NA,NA,NA,NA,NA,NA,NA,NA,"COVID","TRAV35","TRBV6-1",NA,"TCR.2",NA,"TCR.2"
"CAGQLHKAAGNKLTF_CASSLLDSGGEKLFF",-0.0136511403108966,-0.000418392428870886,"Trex",2506.33377793247,1631,"CAGQLHKAAGNKLTF_CASSLLDSGGEKLFF","TRAV35.TRAJ17.TRAC_TRBV5-5..TRBJ1-4.TRBC1",NA,"S167.180",2,"368-01a","LN","d110;d28","Tfh_Effector;Th1_Effector",NA,"T cells, CD4+, TFH","No","s11;s16",7,"0","0","0",NA,NA,NA,NA,NA,NA,NA,NA,NA,NA,NA,NA,NA,NA,"COVID","TRAV35","TRBV5-5",NA,"TCR.2",NA,"TCR.2"
"CAGQLMKAAGNKLTF_CASSYRPGGETQYF",-0.0132987631386606,-0.00631374227704261,"Trex",3544.23445958955,3372,"CAGQLMKAAGNKLTF_CASSYRPGGETQYF","TRAV35.TRAJ17.TRAC_TRBV6-2..TRBJ2-5.TRBC2",NA,"S167.180",5,"368-16","LN","d28","Tfh_Effector;Tfh_Memory",NA,"T cells, CD4+, memory TREG;T cells, CD4+, TFH","No","s77;s78;s81",7,"1","1","1",NA,NA,NA,NA,NA,NA,NA,NA,NA,NA,NA,NA,NA,NA,"COVID","TRAV35","TRBV6-2",NA,"TCR.2",NA,"TCR.2"
"CAGQLNKAAGNKLTF_CASSLRGSWDAFF",-0.0138137124157831,-0.000656084828668872,"Trex",2535.72261438256,1595,"CAGQLNKAAGNKLTF_CASSLRGSWDAFF","TRAV35.TRAJ17.TRAC_TRBV6-2..TRBJ1-1.TRBC1",NA,"S167.180",2,"368-01a","LN","d110;d201","Tfh_Effector;NA","Tpex;NA","T cells, CD4+, TFH","No;Yes","s15;s68",7,"0","0","0",NA,NA,NA,NA,NA,NA,NA,NA,NA,NA,NA,NA,NA,NA,"COVID","TRAV35","TRBV6-2",NA,"TCR.2",NA,"TCR.2"
"CAGQLNKAAGNKLTF_CASSLTGAYGYTF",-0.0139927422768078,-0.00268878445610298,"Trex",2883.69912411997,2556,"CAGQLNKAAGNKLTF_CASSLTGAYGYTF","TRAV35.TRAJ17.TRAC_TRBV5-5.TRBD1.TRBJ1-2.TRBC1",NA,"S167.180",3,"368-16","LN","d201;d28","Tfh_Effector;Tfh_Memory;Treg",NA,"T cells, CD4+, memory TREG;T cells, CD4+, TFH","No","s77;s79;s81",7,"0","0","0",NA,NA,NA,NA,NA,NA,NA,NA,NA,NA,NA,NA,NA,NA,"COVID","TRAV35","TRBV5-5",NA,"TCR.2",NA,"TCR.2"
"CAGQLYRAAGNKLTF_CASSPAPGQGSIYGYTF",-0.0156265063164152,-0.00807933484652854,"Trex",3732.85606631506,4573,"CAGQLYRAAGNKLTF_CASSPAPGQGSIYGYTF","TRAV35.TRAJ17.TRAC_TRBV19.TRBD1.TRBJ1-2.TRBC1",NA,"S167.180",2,"368-22","LN","d110;d60","Tfh_Effector;Tfh_Memory",NA,"T cells, CD4+, TFH","No","s18;s19",7,"1","1","1",NA,NA,NA,NA,NA,NA,NA,NA,NA,NA,NA,NA,NA,NA,"COVID","TRAV35","TRBV19",NA,"TCR.2",NA,"TCR.2"
"CAMPRVGGGNKLTF_CASSIGAGNQPQHF",-0.01313052945347,-0.00673086400804055,"Trex",3064.60375801372,2282,"CAMPRVGGGNKLTF_CASSIGAGNQPQHF","TRAV17.TRAJ10.TRAC_TRBV19..TRBJ1-5.TRBC1",NA,NA,7,"368-22","LN","d110;d60","Tcmp;Tfh_Effector;NA","Tpex;NA","T cells, CD4+, memory TREG;T cells, CD4+, TFH","No;Yes","s17;s18;s19",9,"1","1","1",NA,NA,NA,NA,NA,NA,NA,NA,NA,NA,NA,NA,NA,NA,NA,"TRAV17","TRBV19",NA,NA,"TCR.1","TCR.1"
"CAPGLTGGGNKLTF_CASSPGGGNQPQHF",-0.0150352599986442,0.00134550762791243,"Trex",2754.68673262311,1737,"CAPGLTGGGNKLTF_CASSPGGGNQPQHF","TRAV17.TRAJ10.TRAC_TRBV19..TRBJ1-5.TRBC1",NA,NA,7,"368-22","LN","d110;d60","Tcmp;Tfh_Effector;Tfh_Memory",NA,"T cells, CD4+, memory TREG;T cells, CD4+, naive, stimulated;T cells, CD4+, TFH","No","s18;s19;s20",9,"0","0","0","UL29;NA","NLVPMVATV;NA","CMV;Psoriatic arthritis","PBMC;Skin","CD8;NA","VDJdb;McPAS;TBAdb",NA,NA,NA,NA,NA,NA,"viral",NA,NA,"TRAV17","TRBV19",NA,"TCR.1","TCR.1","TCR.1"
"CASTGTYKYIF_CASSQGNRANTEAFF",-0.0140634782515284,0.00138184840139227,"Trex",2453.36616645446,1717,"CASTGTYKYIF_CASSQGNRANTEAFF","TRAV21.TRAJ40.TRAC_TRBV14..TRBJ1-1.TRBC1",NA,NA,3,"368-16","LN","d28","Tfh_Effector;Tfh_Memory",NA,"T cells, CD4+, memory TREG;T cells, CD4+, TFH","No","s77;s82",1,"0","0","0",NA,NA,NA,NA,NA,NA,NA,NA,NA,NA,NA,NA,NA,NA,NA,"TRAV21","TRBV14",NA,"TCR.5",NA,"TCR.5"
"CATGATGGGNKLTF_CASTLGGGNQPQHF",-0.00905640102055904,0.00399040243404011,"Trex",2648.29763677249,1883,"CATGATGGGNKLTF_CASTLGGGNQPQHF","TRAV17.TRAJ10.TRAC_TRBV19..TRBJ1-5.TRBC1",NA,NA,3,"368-04","LN","d28;d60","Tcm;Tfh_Memory",NA,"T cells, CD4+, memory TREG;T cells, CD4+, TFH","No","s21;s23;s24",4,"0","0","3",NA,NA,NA,NA,NA,NA,NA,NA,NA,NA,NA,NA,NA,NA,NA,"TRAV17","TRBV19",NA,"TCR.1","TCR.1","TCR.1"
"CATGFTGGGNKLTF_CASSGGAGHQPQHF",-0.00831978099128413,-0.00485765108955409,"Trex",3381.9686635861,3242,"CATGFTGGGNKLTF_CASSGGAGHQPQHF","TRAV17.TRAJ10.TRAC_TRBV19..TRBJ1-5.TRBC1",NA,NA,3,"368-22","LN","d60","Tfh_Effector;Tfh_Memory",NA,"T cells, CD4+, memory TREG;T cells, CD4+, TFH","No","s18",4,"1","1","1",NA,NA,NA,NA,NA,NA,NA,NA,NA,NA,NA,NA,NA,NA,NA,"TRAV17","TRBV19",NA,"TCR.1",NA,"TCR.1"
"CATGLTGGGNKLTF_CASSRGGGNQPQHF",-0.0140821229205189,0.00147498856221502,"Trex",2579.93623160179,1677,"CATGLTGGGNKLTF_CASSRGGGNQPQHF","TRAV17.TRAJ10.TRAC_TRBV19..TRBJ1-5.TRBC1",NA,NA,3,"368-04","LN","d28;d60","Tfh_Effector;Tfh_Memory",NA,"T cells, CD4+, TFH","No","s21;s23;s24",4,"0","0","0","NA;C.albicans",NA,"M.Tuberculosis;NA","PBMC","CD4;NA","McPAS;TBAdb","UL29;M1;NA","KLGGALQAK;GILGFVFTL;NA","CMV;InfluenzaA;NA","PBMC;NA",NA,"VDJdb;NA","viral","bacterial",NA,"TRAV17","TRBV19",NA,NA,"TCR.1","TCR.1"
"CATGTTGGGNKLTF_CASGGAGNQPQHF",-0.000985948596378849,0.00916582257040826,"Trex",2987.3663301246,2284,"CATGTTGGGNKLTF_CASGGAGNQPQHF","TRAV17.TRAJ10.TRAC_TRBV19..TRBJ1-5.TRBC1",NA,NA,2,"368-22","LN","d110;d60","Tfh_Effector",NA,"T cells, CD4+, TFH","No","s18;s19",4,"3","3","3",NA,NA,NA,NA,NA,NA,NA,NA,NA,NA,NA,NA,NA,NA,NA,"TRAV17","TRBV19",NA,"TCR.1",NA,"TCR.1"
"CATTFTGGGNKLTF_CASSIGAGNQPQHF",-0.0133268100335471,-0.00716234415849186,"Trex",3627.9971658353,3268,"CATTFTGGGNKLTF_CASSIGAGNQPQHF","TRAV17.TRAJ10.TRAC_TRBV19..TRBJ1-5.TRBC1",NA,NA,5,"368-22","LN","d110;d60","Tcmp;Tfh_Effector",NA,"T cells, CD4+, memory TREG;T cells, CD4+, TFH","No","s17;s18;s19",4,"1","1","1",NA,NA,NA,NA,NA,NA,NA,NA,NA,NA,NA,NA,NA,NA,NA,"TRAV17","TRBV19",NA,"TCR.1","TCR.1","TCR.1"
"CAVAGTYKYIF_CASSQGNRANTEAFF",-0.0131099919845903,0.00035198255464093,"Trex",2594.09798336706,1612,"CAVAGTYKYIF_CASSQGNRANTEAFF","TRAV21.TRAJ40.TRAC_TRBV14..TRBJ1-1.TRBC1",NA,NA,4,"368-01a","LN","d28;d60","Tfh_Effector;Tfh_Memory",NA,"T cells, CD4+, TFH","No","s11;s14",3,"0","0","0",NA,NA,NA,NA,NA,NA,NA,NA,NA,NA,NA,NA,NA,NA,NA,"TRAV21","TRBV14",NA,"TCR.5",NA,"TCR.5"
"CAVRGAGNNRKLIW_CSAAFSGSNIQYF",0.0455445890983811,-0.00627643171303009,"Trex",2779.1245302696,1886,"CAVRGAGNNRKLIW_CSAAFSGSNIQYF","TRAV21.TRAJ38.TRAC_TRBV20-1..TRBJ2-4.TRBC2",NA,NA,4,"368-13","LN","d110;d60","Tfh_Effector;Tfh_Memory",NA,"T cells, CD4+, TFH","No","s34;s35",3,"2","2","2",NA,NA,NA,NA,NA,NA,"NA;UL29","NA;NLVPMVATV","NA;CMV","NA;PBMC","NA;CD8","NA;TBAdb","viral",NA,NA,"TRAV21","TRBV20-1",NA,"TCR.4",NA,"TCR.4"
"CVVNPSGGGADGLTF_CASSVWGTEAFF",-0.0140719203742752,0.00128548853659857,"Trex",2858.20250083234,1859,"CVVNPSGGGADGLTF_CASSVWGTEAFF","TRAV12-1.TRAJ45.TRAC_TRBV6-1..TRBJ1-1.TRBC1",NA,NA,2,"368-20","LN","d110","Tcm;Tfh_Effector",NA,"T cells, CD4+, naive;T cells, CD4+, TFH","No","s27",0,"0","0","0",NA,NA,NA,NA,NA,NA,NA,NA,NA,NA,NA,NA,NA,NA,NA,"TRAV12-1","TRBV6-1",NA,NA,"TCR.2","TCR.2"
