conga_score	num_neighbors_gex	num_neighbors_tcr	overlap	overlap_corrected	mait_fraction	clone_index	nbr_frac	graph_overlap_type	cluster_size	gex_cluster	tcr_cluster	va	ja	cdr3a	vb	jb	cdr3b
0.0015591603127865403		54.0	14	12	0.0	3634	0.01	gex_cluster_vs_tcr_nbr	205.0	9	5	TRAV35*01	TRAJ53*01	CAGRLSGGSNYKLTF	TRBV11-2*01	TRBJ1-2*01	CASSLTGNYGYTF
0.00325335856684611	54.0	54.0	8	7	0.0	3528	0.01	gex_nbr_vs_tcr_nbr		2	5	TRAV35*01	TRAJ42*01	CAAVNYGGSQGNLIF	TRBV5-1*01	TRBJ2-2*01	CASSPRTGGSTGELFF
0.007743585833761818	545.0		108	108	0.0	4928	0.1	gex_nbr_vs_tcr_cluster	708.0	0	1	TRAV8-4*01	TRAJ54*01	CAVSDRQGAQKLVF	TRBV4-1*01	TRBJ2-1*01	CASRSGWANEQFF
0.015642687344063266	545.0	545.0	87	87	0.011494252873563218	4966	0.1	gex_nbr_vs_tcr_nbr		2	12	TRAV8-6*01	TRAJ13*01	CAVITSGGYQKVTF	TRBV20-1*01	TRBJ1-6*01	CSARDRTESSYNSPLHF
0.023259619029660464		54.0	13	12	0.0	3556	0.01	gex_cluster_vs_tcr_nbr	257.0	6	5	TRAV35*01	TRAJ42*01	CAGMNYGGSQGNLIF	TRBV11-2*01	TRBJ1-2*01	CASSQREGTLYGYTF
0.029242869148368707	545.0	545.0	86	86	0.011627906976744186	2403	0.1	gex_nbr_vs_tcr_nbr		5	2	TRAV24*01	TRAJ44*01	CAPGTASKLTF	TRBV20-1*01	TRBJ1-1*01	CSAREQRDTMNTEAFF
0.05195661639186393		545.0	98	98	0.01020408163265306	4361	0.1	gex_cluster_vs_tcr_nbr	652.0	2	12	TRAV8-1*01	TRAJ12*01	CAVTPGADSSYKLIF	TRBV20-1*01	TRBJ2-3*01	CSALGVAGMGDGTQYF
0.05246056682129145		54.0	17	16	0.0	3463	0.01	gex_cluster_vs_tcr_nbr	493.0	5	5	TRAV35*01	TRAJ17*01	CAGQLYKAAGNKLTF	TRBV19*01	TRBJ2-3*01	CASSQGGLGVHF
0.05483923238166681		54.0	14	10	0.0	3532	0.01	gex_cluster_vs_tcr_nbr	204.0	9	5	TRAV35*01	TRAJ42*01	CAGKNYGGSQGNLIF	TRBV7-3*01	TRBJ2-3*01	CASSLRGDTQYF
0.05573402026196914	54.0	54.0	7	6	0.0	3533	0.01	gex_nbr_vs_tcr_nbr		9	5	TRAV35*01	TRAJ42*01	CAGKNYGGSQGNLIF	TRBV7-3*01	TRBJ1-2*01	CASSPGPGSPYGYTF
0.057225539011631674		54.0	14	10	0.0	3623	0.01	gex_cluster_vs_tcr_nbr	205.0	9	5	TRAV35*01	TRAJ53*01	CAGLNSGGSNYKLTF	TRBV6-4*01	TRBJ1-2*01	CASSARSGPLAGYTF
0.06245712848421034	545.0		79	73	0.0	2856	0.1	gex_nbr_vs_tcr_cluster	461.0	5	5	TRAV27*01	TRAJ17*01	CAGAKAAGNKLTF	TRBV7-2*01	TRBJ1-6*01	CASSLRTGGDNSPLHF
0.0642242264005419	545.0		105	104	0.0	4586	0.1	gex_nbr_vs_tcr_cluster	708.0	0	1	TRAV8-3*01	TRAJ23*01	CVIINQGGKLIF	TRBV24-1*01	TRBJ1-2*01	CATSKDRVYGYTF
0.06648262376477834		54.0	13	10	0.0	3538	0.01	gex_cluster_vs_tcr_nbr	203.0	9	5	TRAV35*01	TRAJ42*01	CAGLNYGGSQGNLIF	TRBV11-2*01	TRBJ1-2*01	CASSSRANGLNGYTF
0.06948780059644541	54.0	54.0	6	6	0.0	3623	0.01	gex_nbr_vs_tcr_nbr		9	5	TRAV35*01	TRAJ53*01	CAGLNSGGSNYKLTF	TRBV6-4*01	TRBJ1-2*01	CASSARSGPLAGYTF
0.0768797831175524		54.0	12	10	0.0	3574	0.01	gex_cluster_vs_tcr_nbr	201.0	9	5	TRAV35*01	TRAJ42*01	CAGQNYGGSQGNLIF	TRBV6-2*01	TRBJ1-5*01	CASSYSQGQPQHF
0.07851364586365825		545.0	98	97	0.01020408163265306	2480	0.1	gex_cluster_vs_tcr_nbr	652.0	2	2	TRAV25*01	TRAJ38*01	CAGDNAGNNRKLIW	TRBV20-1*01	TRBJ1-5*01	CSALNQGQYSNQPQHF
0.096380216787405	545.0		28	28	0.0	4963	0.1	gex_nbr_vs_tcr_cluster	122.0	2	12	TRAV8-6*01	TRAJ11*01	CAVSLGPSGYSTLTF	TRBV20-1*01	TRBJ2-3*01	CSAIDRGQGDTQYF
0.13872988251110452		54.0	12	11	0.0	3571	0.01	gex_cluster_vs_tcr_nbr	256.0	6	5	TRAV35*01	TRAJ42*01	CAGQNYGGSQGNLIF	TRBV5-5*01	TRBJ2-1*01	CASSPRLAGSSYNEQFF
0.13872988251110452		54.0	12	11	0.0	3577	0.01	gex_cluster_vs_tcr_nbr	256.0	6	5	TRAV35*01	TRAJ42*01	CAGQNYGGSQGNLIF	TRBV7-8*01	TRBJ1-2*01	CASSPRQGAINGYTF
0.1712667496376196		54.0	11	11	0.0	3547	0.01	gex_cluster_vs_tcr_nbr	256.0	6	5	TRAV35*01	TRAJ42*01	CAGLNYGGSQGNLIF	TRBV6-1*01	TRBJ1-2*01	CASSGRQGALYGYTF
0.17407288254450978	545.0	545.0	83	83	0.0	4563	0.1	gex_nbr_vs_tcr_nbr		0	1	TRAV8-3*01	TRAJ15*01	CAVGGNQAGTALIF	TRBV4-2*01	TRBJ1-1*01	CASSQKGARGTEAFF
0.1833957767383205	545.0		76	75	0.0	1102	0.1	gex_nbr_vs_tcr_cluster	482.0	2	2	TRAV13-2*01	TRAJ8*01	CAENTGFQKLVF	TRBV20-1*01	TRBJ1-5*01	CSARIGQDQPQHF
0.18569385420148854	545.0		103	102	0.0	4944	0.1	gex_nbr_vs_tcr_cluster	708.0	0	1	TRAV8-4*01	TRAJ8*01	CAVSDRLGTGFQKLVF	TRBV25-1*01	TRBJ1-5*01	CASSDGVSQPQHF
0.2134594706859883	545.0		102	102	0.0	5021	0.1	gex_nbr_vs_tcr_cluster	708.0	4	1	TRAV8-6*01	TRAJ32*01	CAVTPMGGATNKLIF	TRBV5-5*01	TRBJ1-5*01	CASSPRDSRNQPQHF
0.2134594706859883	545.0		102	102	0.0	5116	0.1	gex_nbr_vs_tcr_cluster	708.0	10	1	TRAV8-6*01	TRAJ9*01	CAVSGGTGGFKTIF	TRBV19*01	TRBJ2-7*01	CASRPTSGSLDEQYF
0.2134594706859883	545.0		102	102	0.0	5032	0.1	gex_nbr_vs_tcr_cluster	708.0	4	1	TRAV8-6*01	TRAJ37*01	CAVLGTGSSNTGKLIF	TRBV6-2*01	TRBJ2-7*01	CASRQTLLGEQYF
0.2134594706859883	545.0		102	102	0.0	4868	0.1	gex_nbr_vs_tcr_cluster	708.0	4	1	TRAV8-4*01	TRAJ43*01	CAVSAYNNNDMRF	TRBV6-2*01	TRBJ2-7*01	CASNGGGAGEDEQYF
0.23189262063099841		545.0	96	95	0.0	2869	0.1	gex_cluster_vs_tcr_nbr	652.0	2	2	TRAV27*01	TRAJ24*01	CAGARTTDSWGKLQF	TRBV20-1*01	TRBJ2-2*01	CSASTSGNTGELFF
0.24530484653814308		545.0	86	86	0.0	1325	0.1	gex_cluster_vs_tcr_nbr	575.0	3	14	TRAV16*01	TRAJ52*01	CALSGRGGGGTSYGKLTF	TRBV18*01	TRBJ2-7*01	CASSPPGTEVQYF
0.26076898582339064		545.0	98	94	0.0	3464	0.1	gex_cluster_vs_tcr_nbr	652.0	2	5	TRAV35*01	TRAJ17*01	CAGQLYRAAGNKLTF	TRBV19*01	TRBJ1-2*01	CASSPAPGQGSIYGYTF
0.267568371491501	545.0		75	71	0.0	3633	0.1	gex_nbr_vs_tcr_cluster	460.0	6	5	TRAV35*01	TRAJ53*01	CAGRLSGGSNYKLTF	TRBV11-2*01	TRBJ1-2*01	CASSLTGNYGYTF
0.27047919058479736	545.0		27	27	0.0	4453	0.1	gex_nbr_vs_tcr_cluster	122.0	5	12	TRAV8-1*01	TRAJ50*01	CAVNGKTSYDKVIF	TRBV20-1*01	TRBJ1-2*01	CSAPIGRGNYGYTF
0.2924623942416756	545.0		118	118	0.0	4224	0.1	gex_nbr_vs_tcr_cluster	852.0	8	0	TRAV5*01	TRAJ39*01	CAESIHAGNMLTF	TRBV11-2*01	TRBJ2-3*01	CASSLERNAAGADTQYF
0.2928195993554791		54.0	14	9	0.0	3542	0.01	gex_cluster_vs_tcr_nbr	203.0	9	5	TRAV35*01	TRAJ42*01	CAGLNYGGSQGNLIF	TRBV6-1*01	TRBJ1-2*01	CASITKDRGFGYTF
0.3145968282658779		54.0	14	9	0.0	3593	0.01	gex_cluster_vs_tcr_nbr	205.0	9	5	TRAV35*01	TRAJ42*01	CAVMNYGGSQGNLIF	TRBV5-1*01	TRBJ1-2*01	CASSAGRGDGYTF
0.3145968282658779		54.0	14	9	0.0	3533	0.01	gex_cluster_vs_tcr_nbr	205.0	9	5	TRAV35*01	TRAJ42*01	CAGKNYGGSQGNLIF	TRBV7-3*01	TRBJ1-2*01	CASSPGPGSPYGYTF
0.3145968282658779		54.0	14	9	0.0	3587	0.01	gex_cluster_vs_tcr_nbr	205.0	9	5	TRAV35*01	TRAJ42*01	CAGRNYGGSQGNLIF	TRBV7-3*01	TRBJ2-3*01	CASSPRHGTDTQYF
0.34786861201643515	545.0		77	70	0.0	3390	0.1	gex_nbr_vs_tcr_cluster	461.0	9	5	TRAV30*01	TRAJ33*01	CGTALSNYQLIW	TRBV9*01	TRBJ2-1*01	CASSLLDLRYNEQFF
0.38691807383967836		54.0	13	9	0.0	3550	0.01	gex_cluster_vs_tcr_nbr	205.0	9	5	TRAV35*01	TRAJ42*01	CAGLNYGGSQGNLIF	TRBV14*01	TRBJ2-5*01	CASSKRQHSPAETQYF
0.4099998983164678		54.0	12	9	0.0	3572	0.01	gex_cluster_vs_tcr_nbr	201.0	9	5	TRAV35*01	TRAJ42*01	CAGQNYGGSQGNLIF	TRBV6-1*01	TRBJ1-2*01	CASFRGGVNGYTF
0.4527370819044536	545.0		75	70	0.0	2855	0.1	gex_nbr_vs_tcr_cluster	461.0	5	5	TRAV27*01	TRAJ16*01	CAGRFSDGQKLLF	TRBV5-1*01	TRBJ2-3*01	CASSPPGGSTDTQYF
0.4552299402098824		545.0	139	138	0.0	77	0.1	gex_cluster_vs_tcr_nbr	1041.0	0	3	TRAV1-2*01	TRAJ9*01	CAVRETGGFKTIF	TRBV3-1*01	TRBJ2-5*01	CASSQASGGRETQYF
0.46675859569307615	545.0		117	117	0.0	1005	0.1	gex_nbr_vs_tcr_cluster	852.0	8	0	TRAV13-2*01	TRAJ3*01	CAEKMRGSSASKIIF	TRBV5-5*01	TRBJ2-3*01	CASSGGGWADTQYF
0.4995361265967318		54.0	11	9	0.0	3575	0.01	gex_cluster_vs_tcr_nbr	201.0	9	5	TRAV35*01	TRAJ42*01	CAGQNYGGSQGNLIF	TRBV6-6*01	TRBJ1-2*01	CASSKRGDYGYTF
0.4995361265967318		54.0	11	9	0.0	3573	0.01	gex_cluster_vs_tcr_nbr	201.0	9	5	TRAV35*01	TRAJ42*01	CAGQNYGGSQGNLIF	TRBV6-2*01	TRBJ1-2*01	CASSPTRGALVGYTF
0.4995361265967318		54.0	11	9	0.0	3567	0.01	gex_cluster_vs_tcr_nbr	201.0	9	5	TRAV35*01	TRAJ42*01	CAGQNYGGSQGNLIF	TRBV11-2*01	TRBJ1-2*01	CASSPSRGSLGGYTF
0.506931806599553	545.0	545.0	85	80	0.0	3577	0.1	gex_nbr_vs_tcr_nbr		6	5	TRAV35*01	TRAJ42*01	CAGQNYGGSQGNLIF	TRBV7-8*01	TRBJ1-2*01	CASSPRQGAINGYTF
0.5156361304126355	545.0		74	70	0.0	2440	0.1	gex_nbr_vs_tcr_cluster	461.0	5	5	TRAV25*01	TRAJ21*01	CAATYNFNKFYF	TRBV6-1*01	TRBJ2-1*01	CASSLTREQFF
0.5692715166562542		545.0	95	93	0.0	3439	0.1	gex_cluster_vs_tcr_nbr	652.0	2	5	TRAV35*01	TRAJ13*01	CAGQNSGGYQKVTF	TRBV27*01	TRBJ1-5*01	CASSLYGYRGFGQPQHF
0.574478426332207		54.0	11	9	0.0	3444	0.01	gex_cluster_vs_tcr_nbr	205.0	9	5	TRAV35*01	TRAJ17*01	CAGQLAKAAGNKLTF	TRBV11-2*01	TRBJ1-2*01	CASSPRTANYGYTF
0.5805465076640881	545.0		100	100	0.0	4912	0.1	gex_nbr_vs_tcr_cluster	708.0	4	1	TRAV8-4*01	TRAJ52*01	CAVNLSAGGTSYGKLTF	TRBV27*01	TRBJ2-2*01	CASSPRGTSRTGELFF
0.5805465076640881	545.0		100	100	0.0	4876	0.1	gex_nbr_vs_tcr_cluster	708.0	4	1	TRAV8-4*01	TRAJ44*01	CAVSEGNTGTASKLTF	TRBV28*01	TRBJ2-1*01	CASMKDSPYNEQFF
0.5805465076640881	545.0		100	100	0.0	4692	0.1	gex_nbr_vs_tcr_cluster	708.0	0	1	TRAV8-3*01	TRAJ48*01	CAVGVGGNEKLTF	TRBV6-6*01	TRBJ2-5*01	CASRASGGRQETQYF
0.5805465076640881	545.0		100	100	0.0	4962	0.1	gex_nbr_vs_tcr_cluster	708.0	4	1	TRAV8-6*01	TRAJ11*01	CAVSENSGYSTLTF	TRBV6-5*01	TRBJ2-7*01	CASSGPYEQYF
0.5805465076640881	545.0		100	100	0.0	5117	0.1	gex_nbr_vs_tcr_cluster	708.0	0	1	TRAV8-6*01	TRAJ9*01	CAVSGVGGGFKTIF	TRBV5-5*01	TRBJ2-3*01	CASSRQGATDTQYF
0.5875490528259518	54.0		14	14	0.0	3385	0.01	gex_nbr_vs_tcr_cluster	461.0	5	5	TRAV30*01	TRAJ29*01	CGTPLPGNTPLVF	TRBV11-2*01	TRBJ2-7*01	CASSFEGRGEQYF
0.5944136108097116		54.0	17	17	0.0	3446	0.01	gex_cluster_vs_tcr_nbr	651.0	2	5	TRAV35*01	TRAJ17*01	CAGQLFKAAGNKLTF	TRBV7-6*01	TRBJ2-2*01	CASSPRPGGELFF
0.6352828524651312		54.0	12	10	0.0	3588	0.01	gex_cluster_vs_tcr_nbr	257.0	6	5	TRAV35*01	TRAJ42*01	CAGVNYGGSQGNLIF	TRBV5-1*01	TRBJ2-2*01	CASSSRLAGALGELFF
0.6352828524651312		54.0	12	10	0.0	3519	0.01	gex_cluster_vs_tcr_nbr	257.0	6	5	TRAV35*01	TRAJ42*01	CAALNYGGSQGNLIF	TRBV5-5*01	TRBJ1-2*01	CASSLQGGNGYTF
0.7095433865242582	545.0		75	69	0.0	3414	0.1	gex_nbr_vs_tcr_cluster	461.0	2	5	TRAV30*01	TRAJ7*01	CGTEIGGNNRLAF	TRBV6-2*01	TRBJ1-5*01	CASSLFGDQPQHF
0.7244699394538652	545.0		26	26	0.0	4869	0.1	gex_nbr_vs_tcr_cluster	122.0	2	12	TRAV8-4*01	TRAJ43*01	CAVSDLRNNNDMRF	TRBV20-1*01	TRBJ1-1*01	CSARRGTEAFF
0.7244699394538652	545.0		26	26	0.0	4561	0.1	gex_nbr_vs_tcr_cluster	122.0	2	12	TRAV8-3*01	TRAJ15*01	CAVGAKAGTALIF	TRBV29-1*01	TRBJ2-2*01	CSVATQNTGELFF
0.7546957200486362		54.0	11	10	0.0	3546	0.01	gex_cluster_vs_tcr_nbr	256.0	6	5	TRAV35*01	TRAJ42*01	CAGLNYGGSQGNLIF	TRBV5-1*01	TRBJ2-6*01	CASSPRQAGANVLTF
0.7760907769989775		54.0	11	10	0.0	3590	0.01	gex_cluster_vs_tcr_nbr	257.0	6	5	TRAV35*01	TRAJ42*01	CALMNYGGSQGNLIF	TRBV9*01	TRBJ1-2*01	CASSVTGGATYGYTF
0.7760907769989775		54.0	11	10	0.0	3524	0.01	gex_cluster_vs_tcr_nbr	257.0	6	5	TRAV35*01	TRAJ42*01	CAAQNYGGSQGNLIF	TRBV6-6*01	TRBJ1-3*01	CASSSRGDGNTIYF
0.7760907769989775		54.0	11	10	0.0	3522	0.01	gex_cluster_vs_tcr_nbr	257.0	6	5	TRAV35*01	TRAJ42*01	CAAMNYGGSQGNLIF	TRBV30*01	TRBJ1-2*01	CAWSPRGAVGYTF
0.7819383606576769		54.0	11	10	0.0	3543	0.01	gex_cluster_vs_tcr_nbr	257.0	6	5	TRAV35*01	TRAJ42*01	CAGLNYGGSQGNLIF	TRBV6-2*01	TRBJ1-2*01	CASSSRSGAGLRGYTF
0.7871832426377464	54.0	54.0	6	5	0.0	3587	0.01	gex_nbr_vs_tcr_nbr		9	5	TRAV35*01	TRAJ42*01	CAGRNYGGSQGNLIF	TRBV7-3*01	TRBJ2-3*01	CASSPRHGTDTQYF
0.79392794310259	54.0	54.0	6	5	0.0	3572	0.01	gex_nbr_vs_tcr_nbr		9	5	TRAV35*01	TRAJ42*01	CAGQNYGGSQGNLIF	TRBV6-1*01	TRBJ1-2*01	CASFRGGVNGYTF
0.8010571930196427		545.0	137	137	0.0	862	0.1	gex_cluster_vs_tcr_nbr	1041.0	0	0	TRAV13-1*01	TRAJ45*01	CAAGGGGADGLTF	TRBV3-1*01	TRBJ1-3*01	CASSQVRGGGNTIYF
0.8050303361782588	545.0		74	69	0.0	3537	0.1	gex_nbr_vs_tcr_cluster	461.0	5	5	TRAV35*01	TRAJ42*01	CAGLNYGGSQGNLIF	TRBV5-1*01	TRBJ2-2*01	CASTHYSPGATGELFF
0.8158274078103538	545.0	545.0	84	79	0.0	3563	0.1	gex_nbr_vs_tcr_nbr		6	5	TRAV35*01	TRAJ42*01	CAGQLYGGSQGNLIF	TRBV7-8*01	TRBJ1-2*01	CASSPRAGNPHGYTF
0.8389386061013061		54.0	9	9	0.0	3334	0.01	gex_cluster_vs_tcr_nbr	205.0	9	11	TRAV3*01	TRAJ35*01	CLYDFGNVLHC	TRBV30*01	TRBJ2-1*01	CAWSGLAGGRSEQFF
0.8595213572528217	545.0		77	68	0.0	3381	0.1	gex_nbr_vs_tcr_cluster	461.0	5	5	TRAV30*01	TRAJ20*01	CGTELGDYKLSF	TRBV6-6*01	TRBJ1-4*01	CASSSPHPPRTNEKLFF
0.8996089057434599	545.0	545.0	80	80	0.0	5050	0.1	gex_nbr_vs_tcr_nbr		5	12	TRAV8-6*01	TRAJ4*01	CAVSSPFSGGYNKLIF	TRBV20-1*01	TRBJ1-1*01	CSANIGRDTEAFF
0.8996089057434599	545.0	545.0	80	80	0.0	4692	0.1	gex_nbr_vs_tcr_nbr		0	1	TRAV8-3*01	TRAJ48*01	CAVGVGGNEKLTF	TRBV6-6*01	TRBJ2-5*01	CASRASGGRQETQYF
0.8996089057434599	545.0	545.0	80	80	0.0	4944	0.1	gex_nbr_vs_tcr_nbr		0	1	TRAV8-4*01	TRAJ8*01	CAVSDRLGTGFQKLVF	TRBV25-1*01	TRBJ1-5*01	CASSDGVSQPQHF
0.9123747338972463	545.0		73	69	0.0	3515	0.1	gex_nbr_vs_tcr_cluster	461.0	5	5	TRAV35*01	TRAJ42*01	CAAANYGGSQGNLIF	TRBV10-3*01	TRBJ1-2*01	CAIGEGIGYTF
0.914883145559814	545.0		76	68	0.0	3445	0.1	gex_nbr_vs_tcr_cluster	460.0	2	5	TRAV35*01	TRAJ17*01	CAGQLFKAAGNKLTF	TRBV6-5*01	TRBJ1-5*01	CASSSRPGQPQHF
0.9385368461899732	545.0		99	99	0.0	3322	0.1	gex_nbr_vs_tcr_cluster	708.0	0	1	TRAV3*01	TRAJ3*01	CAVRPYSSASKIIF	TRBV4-3*01	TRBJ1-1*01	CASSQTGVKLLSTEAFF
0.9385368461899732	545.0		99	99	0.0	4513	0.1	gex_nbr_vs_tcr_cluster	708.0	10	1	TRAV8-2*01	TRAJ43*01	CVVNTPGNNNDMRF	TRBV5-5*01	TRBJ1-1*01	CASNQMDRIYEAFF
0.9419399565315909	54.0	54.0	5	5	0.0	3462	0.01	gex_nbr_vs_tcr_nbr		2	5	TRAV35*01	TRAJ17*01	CAGQLVKAAGNKLTF	TRBV18*01	TRBJ2-3*01	CASSPRGISPDTQYF
0.9419399565315909	54.0	54.0	5	5	0.0	2537	0.01	gex_nbr_vs_tcr_nbr		9	2	TRAV25*01	TRAJ54*01	CGAGAQKLVF	TRBV20-1*01	TRBJ2-2*01	CSAAPRATGELFF
0.9419399565315909	54.0	54.0	5	5	0.0	192	0.01	gex_nbr_vs_tcr_nbr		5	3	TRAV12-1*01	TRAJ22*01	CVVNMNPSGSARQLTF	TRBV27*01	TRBJ1-4*01	CASRRGAGTNEKLFF
0.9451480161013674	54.0	54.0	5	5	0.0	3556	0.01	gex_nbr_vs_tcr_nbr		6	5	TRAV35*01	TRAJ42*01	CAGMNYGGSQGNLIF	TRBV11-2*01	TRBJ1-2*01	CASSQREGTLYGYTF
0.9499846974359634	54.0	54.0	5	5	0.0	3568	0.01	gex_nbr_vs_tcr_nbr		2	5	TRAV35*01	TRAJ42*01	CAGQNYGGSQGNLIF	TRBV11-2*01	TRBJ1-2*01	CASSSRPGSTSGYTF
0.9527007400961213	545.0	545.0	86	78	0.0	3524	0.1	gex_nbr_vs_tcr_nbr		6	5	TRAV35*01	TRAJ42*01	CAAQNYGGSQGNLIF	TRBV6-6*01	TRBJ1-3*01	CASSSRGDGNTIYF
0.9735673392709759	545.0		76	68	0.0	3631	0.1	gex_nbr_vs_tcr_cluster	461.0	5	5	TRAV35*01	TRAJ53*01	CAGQLYGGSNYKLTF	TRBV9*01	TRBJ1-3*01	CASSARDRASGNTIYF
