"","clonotypes","TCRA_aa","TCRB_aa","TCRA_genes","TCRB_genes","TCRA_nt","TCRB_nt","n_size","Donor_TCRA","Donor_TCRB","TCRA.sum","TCRB.sum","Cell.paper.ID.TCRA"
"1","CATGLTGGGNKLTF_CAAQRGAGGQPQHF","CATGLTGGGNKLTF","CAAQRGAGGQPQHF","TRAV17.TRAJ10.TRAC","TRBV19.TRBD1.TRBJ1-5.TRBC1","TGTGCTACGGGCCTAACGGGAGGAGGAAACAAACTCACCTTT","TGTGCCGCCCAGCGCGGGGCAGGGGGGCAGCCCCAGCATTTT",1,"368-04, 368-22","368-04",9,1,331
"2","CATDGNDYKLSF_CAISEGTGTSGRVEQFF","CATDGNDYKLSF","CAISEGTGTSGRVEQFF","TRAV17.TRAJ20.TRAC","TRBV10-3.TRBD2.TRBJ2-1.TRBC2","TGTGCTACGGACGGTAACGACTACAAGCTCAGCTTT","TGTGCCATCAGTGAGGGAACCGGGACTAGCGGGAGGGTAGAGCAGTTCTTC",1,"368-04, 368-16","368-04",2,1,NA
"3","CAATTSGTYKYIF_CAISERGAEGYTF","CAATTSGTYKYIF","CAISERGAEGYTF","TRAV29/DV5.TRAJ40.TRAC","TRBV10-3.TRBD1.TRBJ1-2.TRBC1","TGTGCAGCGACCACCTCAGGAACCTACAAATACATCTTT","TGTGCCATCAGTGAACGGGGGGCGGAGGGCTACACCTTC",1,"368-01a, 368-13","368-13",3,1,NA
"4","CAGMDTGRRALTF_CASQLYTGELFF","CAGMDTGRRALTF","CASQLYTGELFF","TRAV21.TRAJ5.TRAC","TRBV19..TRBJ2-2.TRBC2","TGTGCTGGCATGGACACGGGCAGGAGAGCACTTACTTTT","TGTGCCAGCCAGCTCTACACCGGGGAGCTGTTTTTT",1,"368-01a, 368-16","368-01a",6,1,NA
"5","CAVVSNFGNEKLTF_CASQRGTSGIVIRGTQYF","CAVVSNFGNEKLTF","CASQRGTSGIVIRGTQYF","TRAV8-3.TRAJ48.TRAC","TRBV12-4.TRBD2.TRBJ2-3.TRBC2","TGTGCTGTGGTCTCTAACTTTGGAAATGAGAAATTAACCTTT","TGTGCCTCTCAGAGGGGGACTAGCGGGATCGTGATACGTGGTACGCAGTATTTT",1,"368-01a, 368-13","368-13",2,1,NA
"6","CAVSNYGGATNKLIF_CASRGQQNSPLHF","CAVSNYGGATNKLIF","CASRGQQNSPLHF","TRAV2.TRAJ32.TRAC","TRBV12-4..TRBJ1-6.TRBC1","TGTGCTGTCTCGAATTATGGTGGTGCTACAAACAAGCTCATCTTT","TGTGCCAGCAGGGGACAGCAAAATTCACCCCTCCACTTT",2,"368-01a, 368-16","368-16",3,2,NA
"7","CAVSNYGGATNKLIF_CASRGTQNSPLHF","CAVSNYGGATNKLIF","CASRGTQNSPLHF","TRAV2.TRAJ32.TRAC","TRBV6-5..TRBJ1-6.TRBC1","TGTGCTGTGTCGAATTATGGTGGTGCTACAAACAAGCTCATCTTT","TGTGCCAGCAGGGGGACACAGAATTCACCCCTCCACTTT",1,"368-01a, 368-16","368-01a",3,1,NA
"8","CVVNFYNQGGKLIF_CASSAAGPFGEQFF","CVVNFYNQGGKLIF","CASSAAGPFGEQFF","TRAV12-1.TRAJ23.TRAC","TRBV14..TRBJ2-1.TRBC2","TGTGTGGTGAACTTTTATAACCAGGGAGGAAAGCTTATCTTC","TGTGCCAGCAGCGCTGCCGGGCCATTCGGTGAGCAGTTCTTC",2,"368-20, 368-22","368-22",3,2,NA
"9","CAGVNNAGNMLTF_CASSAFKTSGRANEQFF","CAGVNNAGNMLTF","CASSAFKTSGRANEQFF","TRAV36/DV7.TRAJ39.TRAC","TRBV6-2.TRBD2.TRBJ2-1.TRBC2","TGTGCTGGGGTAAATAATGCAGGCAACATGCTCACCTTT","TGTGCCAGCAGTGCCTTCAAGACTAGCGGGAGGGCCAATGAGCAGTTCTTC",1,"368-04, 368-20","368-04",2,1,NA
"10","CALSDPGNQFYF_CASSAGGWGLNTEAFF","CALSDPGNQFYF","CASSAGGWGLNTEAFF","TRAV9-2.TRAJ49.TRAC","TRBV11-2.TRBD1.TRBJ1-1.TRBC1","TGTGCTCTGAGTGATCCCGGTAACCAGTTCTATTTT","TGTGCCAGCAGCGCAGGGGGTTGGGGGCTGAACACTGAAGCTTTCTTT",1,"368-16, 368-20","368-20",2,1,NA
"11","CAVRNTGNQFYF_CASSAGWNQPQHF","CAVRNTGNQFYF","CASSAGWNQPQHF","TRAV12-2.TRAJ49.TRAC","TRBV11-2..TRBJ1-5.TRBC1","TGTGCCGTGAGGAACACCGGTAACCAGTTCTATTTT","TGTGCCAGCAGCGCGGGATGGAATCAGCCCCAGCATTTT",1,"368-20, 368-22","368-20",2,1,NA
"12","CAVSDKQTGANNLFF_CASSALNTGELFF","CAVSDKQTGANNLFF","CASSALNTGELFF","TRAV8-4.TRAJ36.TRAC","TRBV9..TRBJ2-2.TRBC2","TGTGCTGTGAGTGATAAGCAAACTGGGGCAAACAACCTCTTCTTT","TGTGCCAGCAGCGCCTTGAACACCGGGGAGCTGTTTTTT",2,"368-16, 368-20","368-16, 368-20",2,2,NA
"13","CAVSRGSNYQLIW_CASSARDRVGSGELFF","CAVSRGSNYQLIW","CASSARDRVGSGELFF","TRAV21.TRAJ33.TRAC","TRBV6-1..TRBJ2-2.TRBC2","TGTGCTGTGAGTCGTGGTAGCAACTATCAGTTAATCTGG","TGTGCCAGCAGTGCACGGGACAGAGTCGGGTCCGGGGAGCTGTTTTTT",1,"368-01a, 368-20","368-01a",4,1,NA
"14","CAVRNTGNQFYF_CASSASGRPFNREQFF","CAVRNTGNQFYF","CASSASGRPFNREQFF","TRAV12-2.TRAJ49.TRAC","TRBV7-8..TRBJ2-1.TRBC2","TGTGCCGTGAGGAACACCGGTAACCAGTTCTATTTT","TGTGCCAGCAGCGCCAGCGGGAGGCCCTTTAATAGGGAGCAGTTCTTC",1,"368-20, 368-22","368-22",2,1,NA
"15","CAMRDDRSGAGSYQLTF_CASSATGNSPLHF","CAMRDDRSGAGSYQLTF","CASSATGNSPLHF","TRAV14/DV4.TRAJ28.TRAC","TRBV6-6..TRBJ1-6.TRBC1","TGTGCAATGAGAGACGACCGCTCTGGGGCTGGGAGTTACCAACTCACTTTC","TGTGCCAGCAGTGCCACAGGGAATTCACCCCTCCACTTT",1,"368-16","368-16, 368-22",1,2,NA
"16","CAMSAPRLFQGAQKLVF_CASSATGNSPLHF","CAMSAPRLFQGAQKLVF","CASSATGNSPLHF","TRAV12-3.TRAJ54.TRAC","TRBV2..TRBJ1-6.TRBC1","TGTGCAATGAGCGCGCCCCGCCTTTTTCAGGGAGCCCAGAAGCTGGTATTT","TGTGCCAGCAGTGCCACAGGGAATTCACCCCTCCACTTT",1,"368-22","368-16, 368-22",1,2,NA
"17","CAVVSNFGNEKLTF_CASSDLRGDTEAFF","CAVVSNFGNEKLTF","CASSDLRGDTEAFF","TRAV22.TRAJ48.TRAC","TRBV2..TRBJ1-1.TRBC1","TGTGCTGTGGTGTCTAACTTTGGAAATGAGAAATTAACCTTT","TGTGCCAGCAGTGACCTAAGGGGTGACACTGAAGCTTTCTTT",1,"368-01a, 368-13","368-01a",2,1,NA
"18","CAVGGSGTYKYIF_CASSDPRNIQYF","CAVGGSGTYKYIF","CASSDPRNIQYF","TRAV22.TRAJ40.TRAC","TRBV6-2..TRBJ2-4.TRBC2","TGTGCTGTGGGTGGCTCAGGAACCTACAAATACATCTTT","TGTGCCAGCAGCGATCCTAGAAACATTCAGTACTTC",1,"368-13, 368-16","368-16",2,1,NA
"19","CAASAPSGTYKYIF_CASSDRDRGNNEQFF","CAASAPSGTYKYIF","CASSDRDRGNNEQFF","TRAV29/DV5.TRAJ40.TRAC","TRBV4-2.TRBD1.TRBJ2-1.TRBC2","TGTGCAGCAAGCGCGCCCTCAGGAACCTACAAATACATCTTT","TGTGCCAGCAGCGACCGGGACAGGGGAAACAATGAGCAGTTCTTC",2,"368-01a, 368-13","368-01a",3,2,NA
"20","CAVSEGFQKLVF_CASSDTGQGIEQYF","CAVSEGFQKLVF","CASSDTGQGIEQYF","TRAV8-6.TRAJ8.TRAC","TRBV5-1.TRBD1.TRBJ2-7.TRBC2","TGTGCTGTGAGTGAAGGCTTTCAGAAACTTGTATTT","TGCGCCAGCAGCGATACGGGACAGGGAATCGAGCAGTACTTC",1,"368-20, 368-22","368-22",2,1,NA
"21","CAVQGQGGSEKLVF_CASSEAAGLADTQYF","CAVQGQGGSEKLVF","CASSEAAGLADTQYF","TRAV20.TRAJ57.TRAC","TRBV6-1..TRBJ2-3.TRBC2","TGTGCTGTGCAGGGTCAGGGCGGATCTGAAAAGCTGGTCTTT","TGTGCCAGCAGTGAAGCTGCAGGGTTGGCAGATACGCAGTATTTT",2,"368-01a, 368-22","368-22",3,2,NA
"22","CAGGSQGNLIF_CASSEAGGRGGYTF","CAGGSQGNLIF","CASSEAGGRGGYTF","TRAV27.TRAJ42.TRAC","TRBV10-2.TRBD1.TRBJ1-2.TRBC1","TGTGCAGGAGGAAGCCAAGGAAATCTCATCTTT","TGCGCCAGCAGTGAGGCCGGGGGCAGGGGGGGCTACACCTTC",2,"368-16, 368-20","368-16",4,2,NA
"23","CAVGAGGSYIPTF_CASSEGQGAQYF","CAVGAGGSYIPTF","CASSEGQGAQYF","TRAV8-3.TRAJ6.TRAC","TRBV6-1.TRBD1.TRBJ2-3.TRBC2","TGTGCTGTGGGTGCAGGAGGAAGCTACATACCTACATTT","TGTGCCAGCAGTGAAGGACAGGGGGCGCAGTATTTT",1,"368-01a, 368-22","368-22",3,1,NA
"24","CALSRNNNARLMF_CASSEGTGYGYTF","CALSRNNNARLMF","CASSEGTGYGYTF","TRAV9-2.TRAJ31.TRAC","TRBV5-6..TRBJ1-2.TRBC1","TGTGCTCTGAGTCGGAATAACAATGCCAGACTCATGTTT","TGTGCCAGCAGCGAAGGGACTGGCTATGGCTACACCTTC",1,"368-13, 368-20","368-13",2,1,NA
"25","CAVGGSGTYKYIF_CASSELGQPQHF","CAVGGSGTYKYIF","CASSELGQPQHF","TRAV8-3.TRAJ40.TRAC","TRBV10-2..TRBJ1-5.TRBC1","TGTGCTGTGGGTGGCTCAGGAACCTACAAATACATCTTT","TGCGCCAGCAGTGAGCTAGGCCAGCCCCAGCATTTT",1,"368-13, 368-16","368-13",2,1,NA
"26","CAGKGGTSYGKLTF_CASSFAFTDTYEQYF","CAGKGGTSYGKLTF","CASSFAFTDTYEQYF","TRAV25.TRAJ52.TRAC","TRBV28..TRBJ2-7.TRBC2","TGTGCAGGGAAGGGTGGTACTAGCTATGGAAAGCTGACATTT","TGTGCCAGCAGTTTCGCGTTTACAGATACCTACGAGCAGTACTTC",1,"368-01a, 368-22","368-01a",2,1,NA
"27","CAASNDYKLSF_CASSFAGRDEQYF","CAASNDYKLSF","CASSFAGRDEQYF","TRAV35.TRAJ20.TRAC","TRBV5-4..TRBJ2-7.TRBC2","TGTGCTGCGTCTAACGACTACAAGCTCAGCTTT","TGTGCCAGCAGCTTCGCAGGGCGCGACGAGCAGTACTTC",1,"368-04, 368-22","368-04",2,1,NA
"28","CAAQTGANNLFF_CASSFASGSDTQYF","CAAQTGANNLFF","CASSFASGSDTQYF","TRAV8-4.TRAJ36.TRAC","TRBV5-1..TRBJ2-3.TRBC2","TGTGCTGCGCAAACTGGGGCAAACAACCTCTTCTTT","TGCGCCAGCAGCTTTGCTAGCGGGAGTGATACGCAGTATTTT",4,"368-13, 368-16","368-01a, 368-13",5,7,NA
"29","CAVLILTGGGNKLTF_CASSFASGSDTQYF","CAVLILTGGGNKLTF","CASSFASGSDTQYF","TRAV36/DV7.TRAJ10.TRAC","TRBV5-1..TRBJ2-3.TRBC2","TGTGCTGTCCTGATACTCACGGGAGGAGGAAACAAACTCACCTTT","TGCGCCAGCAGCTTTGCTAGCGGGTCTGATACGCAGTATTTT",3,"368-01a","368-01a, 368-13",3,7,NA
"30","CAVRPNAGNNRKLIW_CASSFGEADEQYF","CAVRPNAGNNRKLIW","CASSFGEADEQYF","TRAV21.TRAJ38.TRAC","TRBV12-3..TRBJ2-7.TRBC2","TGTGCTGTGAGGCCTAATGCTGGCAACAACCGTAAGCTGATTTGG","TGTGCCAGCAGTTTTGGGGAGGCAGACGAGCAGTACTTC",3,"368-01a, 368-13","368-13",12,3,NA
"31","CAVRPNAGNNRKLIW_CASSFGETDTQYF","CAVRPNAGNNRKLIW","CASSFGETDTQYF","TRAV21.TRAJ38.TRAC","TRBV12-3..TRBJ2-3.TRBC2","TGTGCTGTGAGGCCAAACGCTGGCAACAACCGTAAGCTGATTTGG","TGTGCCAGCAGTTTTGGGGAGACAGATACGCAGTATTTT",1,"368-01a, 368-13","368-13",12,1,NA
"32","CAASKGAAGNKLTF_CASSFGGTGPEAFF","CAASKGAAGNKLTF","CASSFGGTGPEAFF","TRAV13-1.TRAJ17.TRAC","TRBV7-9..TRBJ1-1.TRBC1","TGTGCAGCAAGTAAGGGAGCTGCAGGCAACAAGCTAACTTTT","TGTGCCAGCAGCTTCGGCGGAACTGGACCTGAAGCTTTCTTT",1,"368-01a, 368-20","368-01a",2,1,NA
"33","CAIKAAGNKLTF_CASSFQLNEQFF","CAIKAAGNKLTF","CASSFQLNEQFF","TRAV12-3.TRAJ17.TRAC","TRBV7-2..TRBJ2-1.TRBC2","TGTGCAATAAAAGCTGCAGGCAACAAGCTAACTTTT","TGTGCCAGCAGCTTTCAACTCAATGAGCAGTTCTTC",1,"368-01a, 368-13","368-13",2,1,NA
"34","CAASYSSASKIIF_CASSFQSDTEAFF","CAASYSSASKIIF","CASSFQSDTEAFF","TRAV3.TRAJ3.TRAC","TRBV11-3..TRBJ1-1.TRBC1","TGTGCTGCTTCGTACAGCAGTGCTTCCAAGATAATCTTT","TGTGCCAGCAGCTTTCAGTCGGATACTGAAGCTTTCTTT",1,"368-13, 368-20","368-20",2,1,NA
"35","CATDGNDYKLSF_CASSFRTEPYGYTF","CATDGNDYKLSF","CASSFRTEPYGYTF","TRAV17.TRAJ20.TRAC","TRBV5-4..TRBJ1-2.TRBC1","TGTGCTACGGACGGGAACGACTACAAGCTCAGCTTT","TGTGCCAGCAGCTTTCGGACAGAACCGTATGGCTACACCTTC",1,"368-04, 368-16","368-16",2,1,NA
"36","CAGVQGAQKLVF_CASSFSDRVREKLFF","CAGVQGAQKLVF","CASSFSDRVREKLFF","TRAV35.TRAJ54.TRAC","TRBV28..TRBJ1-4.TRBC1","TGTGCTGGCGTTCAGGGAGCCCAGAAGCTGGTATTT","TGTGCCAGCAGTTTCTCTGACAGGGTCCGGGAAAAACTGTTTTTT",2,"368-01a, 368-13","368-01a",3,2,NA
"37","CAGMDTGRRALTF_CASSFSGGVADTQYF","CAGMDTGRRALTF","CASSFSGGVADTQYF","TRAV35.TRAJ5.TRAC","TRBV7-2..TRBJ2-3.TRBC2","TGTGCTGGCATGGACACGGGCAGGAGAGCACTTACTTTT","TGTGCCAGCAGCTTTAGCGGGGGAGTGGCAGATACGCAGTATTTT",5,"368-01a, 368-16","368-16",6,5,NA
"38","CAGSYNQGGKLIF_CASSFSGTTQETQYF","CAGSYNQGGKLIF","CASSFSGTTQETQYF","TRAV35.TRAJ23.TRAC","TRBV7-2..TRBJ2-5.TRBC2","TGTGCTGGGTCTTATAACCAGGGAGGAAAGCTTATCTTC","TGTGCCAGCAGCTTTTCCGGGACTACACAAGAGACCCAGTACTTC",1,"368-01a, 368-22","368-22",3,1,NA
"39","CALSNAGNMLTF_CASSFTRDRGSGYTF","CALSNAGNMLTF","CASSFTRDRGSGYTF","TRAV9-2.TRAJ39.TRAC","TRBV7-2.TRBD1.TRBJ1-2.TRBC1","TGTGCTCTGAGTAATGCAGGCAACATGCTCACCTTT","TGTGCCAGCAGCTTCACCCGGGACAGGGGCTCTGGCTACACCTTC",2,"368-16, 368-22","368-22",4,2,NA
"40","CATVPSGTYKYIF_CASSGPGQHYEQYF","CATVPSGTYKYIF","CASSGPGQHYEQYF","TRAV17.TRAJ40.TRAC","TRBV7-6..TRBJ2-7.TRBC2","TGTGCTACGGTCCCCTCAGGAACCTACAAATACATCTTT","TGTGCCAGCAGCGGTCCGGGACAGCACTACGAGCAGTACTTC",1,"368-04, 368-22","368-22",9,1,NA
"41","CAMREGFSGNTPLVF_CASSGRQVNTGELFF","CAMREGFSGNTPLVF","CASSGRQVNTGELFF","TRAV14/DV4.TRAJ29.TRAC","TRBV9..TRBJ2-2.TRBC2","TGTGCAATGAGAGAGGGGTTTTCAGGAAACACACCTCTTGTCTTT","TGTGCCAGCAGCGGACGACAGGTTAACACCGGGGAGCTGTTTTTT",1,"368-01a, 368-13","368-13",2,1,NA
"42","CAMREGFSGNTPLVF_CASSGRTSNTGELFF","CAMREGFSGNTPLVF","CASSGRTSNTGELFF","TRAV14/DV4.TRAJ29.TRAC","TRBV9..TRBJ2-2.TRBC2","TGTGCAATGAGAGAGGGCTTTTCAGGAAACACACCTCTTGTCTTT","TGTGCCAGCAGCGGGAGGACTAGCAACACCGGGGAGCTGTTTTTT",1,"368-01a, 368-13","368-01a",2,1,NA
"43","CAAANTGNQFYF_CASSHLTSDSFSYEQYF","CAAANTGNQFYF","CASSHLTSDSFSYEQYF","TRAV13-1.TRAJ49.TRAC","TRBV4-1..TRBJ2-7.TRBC2","TGTGCAGCAGCGAACACCGGTAACCAGTTCTATTTT","TGCGCCAGCAGCCACCTCACTAGCGACTCCTTCAGTTACGAGCAGTACTTC",1,"368-01a, 368-04","368-01a",2,1,NA
"44","CASNTGFQKLVF_CASSIAQGSNTGELFF","CASNTGFQKLVF","CASSIAQGSNTGELFF","TRAV24.TRAJ8.TRAC","TRBV19..TRBJ2-2.TRBC2","TGTGCCTCGAACACAGGCTTTCAGAAACTTGTATTT","TGTGCCAGTAGTATTGCCCAGGGGTCCAACACCGGGGAGCTGTTTTTT",1,"368-04, 368-22","368-04",2,1,NA
"45","CATGLTGGGNKLTF_CASSIGSGTQPQHF","CATGLTGGGNKLTF","CASSIGSGTQPQHF","TRAV17.TRAJ10.TRAC","TRBV19..TRBJ1-5.TRBC1","TGTGCTACGGGTCTCACGGGAGGAGGAAACAAACTCACCTTT","TGTGCCAGTAGTATCGGGTCGGGGACTCAGCCCCAGCATTTT",1,"368-04, 368-22","368-04",9,1,331
"46","CATGGNTPLVF_CASSIGSSGRIEKTQYF","CATGGNTPLVF","CASSIGSSGRIEKTQYF","TRAV17.TRAJ29.TRAC","TRBV19.TRBD2.TRBJ2-5.TRBC2","TGTGCTACGGGAGGAAACACACCTCTTGTCTTT","TGTGCCAGTAGTATAGGAAGTAGCGGGAGGATAGAAAAGACCCAGTACTTC",1,"368-01a, 368-13","368-13",2,1,NA
"47","CATNNAGNMLTF_CASSINRNTGELFF","CATNNAGNMLTF","CASSINRNTGELFF","TRAV17.TRAJ39.TRAC","TRBV19..TRBJ2-2.TRBC2","TGTGCTACGAATAATGCAGGCAACATGCTCACCTTT","TGTGCCAGTAGTATAAACCGAAACACCGGGGAGCTGTTTTTT",1,"368-01a, 368-22","368-22",2,1,NA
"48","CALSNAGNMLTF_CASSKGQGRVTEAFF","CALSNAGNMLTF","CASSKGQGRVTEAFF","TRAV9-2.TRAJ39.TRAC","TRBV6-5..TRBJ1-1.TRBC1","TGTGCTCTCTCTAATGCAGGCAACATGCTCACCTTT","TGTGCCAGCAGTAAAGGACAGGGTAGGGTCACTGAAGCTTTCTTT",2,"368-16, 368-22","368-16",4,2,NA
"49","CAALSGGSYIPTF_CASSKKGGTSSYNEQFF","CAALSGGSYIPTF","CASSKKGGTSSYNEQFF","TRAV13-2.TRAJ6.TRAC","TRBV6-1..TRBJ2-1.TRBC2","TGTGCGGCCCTTTCAGGAGGAAGCTACATACCTACATTT","TGTGCCAGCAGCAAAAAGGGGGGCACGAGCTCCTACAATGAGCAGTTCTTC",1,"368-13, 368-20","368-20",3,1,NA
"50","CAGKGGTSYGKLTF_CASSLAGHQPQHF","CAGKGGTSYGKLTF","CASSLAGHQPQHF","TRAV27.TRAJ52.TRAC","TRBV5-1..TRBJ1-5.TRBC1","TGTGCAGGGAAAGGTGGTACTAGCTATGGAAAGCTGACATTT","TGCGCCAGCAGCTTGGCGGGACATCAGCCCCAGCATTTT",1,"368-01a, 368-22","368-22",2,1,NA
"51","CAVGASGGSYIPTF_CASSLAMGETQYF","CAVGASGGSYIPTF","CASSLAMGETQYF","TRAV1-2.TRAJ6.TRAC","TRBV6-5..TRBJ2-5.TRBC2","TGTGCTGTGGGGGCATCAGGAGGAAGCTACATACCTACATTT","TGTGCCAGCAGTCTAGCAATGGGAGAGACCCAGTACTTC",1,"368-13, 368-22","368-13",3,1,NA
"52","CAGVKAAGNKLTF_CASSLAPVLAGTDTQYF","CAGVKAAGNKLTF","CASSLAPVLAGTDTQYF","TRAV27.TRAJ17.TRAC","TRBV7-6..TRBJ2-3.TRBC2","TGTGCAGGAGTTAAAGCTGCAGGCAACAAGCTAACTTTT","TGTGCCAGCAGCTTAGCGCCGGTACTAGCGGGGACAGATACGCAGTATTTT",5,"368-20, 368-22","368-20",6,5,NA
"53","CIVPRGTGFQKLVF_CASSLASANTGELFF","CIVPRGTGFQKLVF","CASSLASANTGELFF","TRAV26-1.TRAJ8.TRAC","TRBV11-2..TRBJ2-2.TRBC2","TGCATCGTCCCTCGGGGAACAGGCTTTCAGAAACTTGTATTT","TGTGCCAGCAGCTTAGCTAGCGCCAACACCGGGGAGCTGTTTTTT",1,"368-01a, 368-16","368-01a",13,1,NA
"54","CATVPSGTYKYIF_CASSLASGPHNEQFF","CATVPSGTYKYIF","CASSLASGPHNEQFF","TRAV17.TRAJ40.TRAC","TRBV7-7..TRBJ2-1.TRBC2","TGTGCTACGGTCCCCTCAGGAACCTACAAATACATCTTT","TGTGCTAGCAGCTTAGCGTCGGGACCACACAATGAGCAGTTCTTC",2,"368-04, 368-22","368-22",9,2,NA
"55","CAENTGGFKTIF_CASSLDAGTTEAFF","CAENTGGFKTIF","CASSLDAGTTEAFF","TRAV13-2.TRAJ9.TRAC","TRBV5-4..TRBJ1-1.TRBC1","TGTGCAGAGAATACTGGAGGCTTCAAAACTATCTTT","TGTGCCAGCAGCTTGGATGCAGGGACCACTGAAGCTTTCTTT",1,"368-04, 368-16","368-16",2,1,NA
"56","CAVRDPNDYKLSF_CASSLDRQPQHF","CAVRDPNDYKLSF","CASSLDRQPQHF","TRAV20.TRAJ20.TRAC","TRBV7-2..TRBJ1-5.TRBC1","TGTGCTGTGCGGGACCCTAACGACTACAAGCTCAGCTTT","TGTGCCAGCAGCTTAGATCGTCAGCCCCAGCATTTT",1,"368-16","368-16, 368-22",1,4,NA
"57","CAVQETSGSRLTF_CASSLDRQPQHF","CAVQETSGSRLTF","CASSLDRQPQHF","TRAV21.TRAJ58.TRAC","TRBV6-6..TRBJ1-5.TRBC1","TGTGCTGTCCAAGAAACCAGTGGCTCTAGGTTGACCTTT","TGTGCCAGCAGTTTGGATCGTCAGCCCCAGCATTTT",3,"368-22","368-16, 368-22",3,4,NA
"58","CAVSAGGTSYGKLTF_CASSLDWVAGGQNEQFF","CAVSAGGTSYGKLTF","CASSLDWVAGGQNEQFF","TRAV8-4.TRAJ52.TRAC","TRBV13..TRBJ2-1.TRBC2","TGTGCTGTGAGTGCTGGTGGTACTAGCTATGGAAAGCTGACATTT","TGTGCCAGCAGCTTAGATTGGGTAGCGGGAGGACAAAATGAGCAGTTCTTC",1,"368-13, 368-20, 368-22","368-13",3,1,NA
"59","CAVKAAGNKLTF_CASSLEGAKEDTQYF","CAVKAAGNKLTF","CASSLEGAKEDTQYF","TRAV8-3.TRAJ17.TRAC","TRBV7-6..TRBJ2-3.TRBC2","TGTGCTGTAAAAGCTGCAGGCAACAAGCTAACTTTT","TGTGCCAGCAGCTTAGAGGGGGCGAAGGAAGATACGCAGTATTTT",3,"368-13, 368-20","368-13",4,3,NA
"60","CAFIRSGNTPLVF_CASSLEGDGYTF","CAFIRSGNTPLVF","CASSLEGDGYTF","TRAV38-1.TRAJ29.TRAC","TRBV11-2..TRBJ1-2.TRBC1","TGTGCTTTCATACGATCAGGAAACACACCTCTTGTCTTT","TGTGCCAGCAGCTTAGAAGGCGACGGCTACACCTTC",1,"368-22","368-20, 368-22",1,2,NA
"61","CVVRSGGYNKLIF_CASSLEGDGYTF","CVVRSGGYNKLIF","CASSLEGDGYTF","TRAV10.TRAJ4.TRAC","TRBV7-2..TRBJ1-2.TRBC1","TGTGTGGTGAGGTCTGGTGGCTACAATAAGCTGATTTTT","TGTGCCAGCAGCTTAGAGGGCGATGGCTACACCTTC",1,"368-20","368-20, 368-22",1,2,NA
"62","CATNNAGNMLTF_CASSLEGSGNQETQYF","CATNNAGNMLTF","CASSLEGSGNQETQYF","TRAV8-4.TRAJ39.TRAC","TRBV5-1..TRBJ2-5.TRBC2","TGTGCGACAAATAATGCAGGCAACATGCTCACCTTT","TGCGCCAGCAGCTTGGAGGGTAGCGGGAACCAAGAGACCCAGTACTTC",1,"368-01a, 368-22","368-01a",2,1,NA
"63","CAVRDNYGQNFVF_CASSLEQGGSYEQYF","CAVRDNYGQNFVF","CASSLEQGGSYEQYF","TRAV21.TRAJ26.TRAC","TRBV6-4..TRBJ2-7.TRBC2","TGTGCTGTGAGGGATAACTATGGTCAGAATTTTGTCTTT","TGTGCCAGCAGCCTTGAACAGGGTGGCTCCTACGAGCAGTACTTC",1,"368-04, 368-16","368-16",2,1,NA
"64","CAVRPNAGNNRKLIW_CASSLGENDEQFF","CAVRPNAGNNRKLIW","CASSLGENDEQFF","TRAV21.TRAJ38.TRAC","TRBV12-3..TRBJ2-1.TRBC2","TGTGCTGTAAGACCTAATGCTGGCAACAACCGTAAGCTGATTTGG","TGTGCCAGCAGTTTAGGTGAGAATGATGAGCAGTTCTTC",7,"368-01a, 368-13","368-13",12,7,NA
"65","CAVSEGFQKLVF_CASSLGGDQVETQYF","CAVSEGFQKLVF","CASSLGGDQVETQYF","TRAV8-4.TRAJ8.TRAC","TRBV7-2..TRBJ2-5.TRBC2","TGTGCTGTGAGTGAAGGCTTTCAGAAACTTGTATTT","TGTGCCAGCAGCCTAGGGGGCGATCAGGTGGAGACCCAGTACTTC",1,"368-20, 368-22","368-20",2,1,NA
"66","CAVRDTGRRALTF_CASSLGGGGANVLTF","CAVRDTGRRALTF","CASSLGGGGANVLTF","TRAV12-2.TRAJ5.TRAC","TRBV11-2..TRBJ2-6.TRBC2","TGTGCCGTGAGAGACACGGGCAGGAGAGCACTTACTTTT","TGTGCCAGCAGTCTGGGGGGAGGTGGGGCCAACGTCCTGACTTTC",1,"368-04, 368-16","368-04",3,1,NA
"67","CALSSGGSNYKLTF_CASSLGGLAGRAQYF","CALSSGGSNYKLTF","CASSLGGLAGRAQYF","TRAV9-2.TRAJ53.TRAC","TRBV7-7.TRBD2.TRBJ2-5.TRBC2","TGTGCTCTAAGTAGTGGAGGTAGCAACTATAAACTGACATTT","TGTGCTAGCAGCTTAGGGGGACTAGCGGGGAGAGCCCAGTACTTC",1,"368-01a, 368-16","368-16",2,1,NA
"68","CAGLYSSASKIIF_CASSLGGTEAFF","CAGLYSSASKIIF","CASSLGGTEAFF","TRAV12-2.TRAJ3.TRAC","TRBV28..TRBJ1-1.TRBC1","TGTGCCGGCCTGTACAGCAGTGCTTCCAAGATAATCTTT","TGTGCCAGCAGCCTAGGGGGCACTGAAGCTTTCTTT",1,"368-04, 368-22","368-04",2,1,NA
"69","CAVRPSNDYKLSF_CASSLGLAALAETQYF","CAVRPSNDYKLSF","CASSLGLAALAETQYF","TRAV3.TRAJ20.TRAC","TRBV5-8..TRBJ2-5.TRBC2","TGTGCTGTGAGGCCCTCTAACGACTACAAGCTCAGCTTT","TGTGCCAGCAGCTTGGGGCTAGCGGCTTTGGCAGAGACCCAGTACTTC",1,"368-16, 368-20","368-16",2,1,NA
"70","CATDARSGAGSYQLTF_CASSLGLPTDEVGELFF","CATDARSGAGSYQLTF","CASSLGLPTDEVGELFF","TRAV17.TRAJ28.TRAC","TRBV7-8..TRBJ2-2.TRBC2","TGTGCTACGGACGCGAGGTCTGGGGCTGGGAGTTACCAACTCACTTTC","TGTGCCAGCAGCTTAGGGCTCCCGACAGACGAGGTCGGGGAGCTGTTTTTT",1,"368-01a, 368-13, 368-22","368-22",9,1,NA
"71","CAVDGSSNTGKLIF_CASSLGNSYEQYF","CAVDGSSNTGKLIF","CASSLGNSYEQYF","TRAV21.TRAJ37.TRAC","TRBV4-2..TRBJ2-7.TRBC2","TGTGCTGTGGATGGCTCTAGCAACACAGGCAAACTAATCTTT","TGTGCCAGCAGTTTGGGGAACTCCTACGAGCAGTACTTC",1,"368-13, 368-16","368-13",2,1,NA
"72","CATVPSGTYKYIF_CASSLGQINYGYTF","CATVPSGTYKYIF","CASSLGQINYGYTF","TRAV17.TRAJ40.TRAC","TRBV7-6..TRBJ1-2.TRBC1","TGTGCTACGGTCCCCTCAGGAACCTACAAATACATCTTT","TGTGCCAGCAGCTTGGGACAGATTAACTATGGCTACACCTTC",2,"368-04, 368-22","368-22",9,2,NA
"73","CAGVKAAGNKLTF_CASSLGQPGTGELFF","CAGVKAAGNKLTF","CASSLGQPGTGELFF","TRAV27.TRAJ17.TRAC","TRBV7-3..TRBJ2-2.TRBC2","TGTGCAGGAGTCAAAGCTGCAGGCAACAAGCTAACTTTT","TGTGCCAGCAGCTTAGGGCAGCCCGGCACCGGGGAGCTGTTTTTT",1,"368-20, 368-22","368-22",6,1,NA
"74","CAGGSQGNLIF_CASSLGSSGGGAAYEQYF","CAGGSQGNLIF","CASSLGSSGGGAAYEQYF","TRAV9-2.TRAJ42.TRAC","TRBV7-6..TRBJ2-7.TRBC2","TGTGCGGGAGGAAGCCAAGGAAATCTCATCTTT","TGTGCCAGCAGCTTAGGGTCTTCGGGAGGGGGAGCCGCCTACGAGCAGTACTTC",1,"368-16, 368-20","368-16",4,1,NA
"75","CAGLYSSASKIIF_CASSLGSSGNTIYF","CAGLYSSASKIIF","CASSLGSSGNTIYF","TRAV27.TRAJ3.TRAC","TRBV7-9..TRBJ1-3.TRBC1","TGTGCAGGCCTGTACAGCAGTGCTTCCAAGATAATCTTT","TGTGCCAGCAGCTTAGGGAGCTCTGGAAACACCATATATTTT",1,"368-04, 368-22","368-22",2,1,NA
"76","CATGGNTPLVF_CASSLGVAGELFF","CATGGNTPLVF","CASSLGVAGELFF","TRAV17.TRAJ29.TRAC","TRBV11-2..TRBJ2-2.TRBC2","TGTGCTACGGGAGGAAACACACCTCTTGTCTTT","TGTGCCAGCAGCTTAGGGGTGGCCGGGGAGCTGTTTTTT",1,"368-01a, 368-13","368-01a",2,1,NA
"77","CAVRSGGSNYKLTF_CASSLIGGAYGYTF","CAVRSGGSNYKLTF","CASSLIGGAYGYTF","TRAV8-6.TRAJ53.TRAC","TRBV5-8..TRBJ1-2.TRBC1","TGTGCTGTGAGGAGTGGAGGTAGCAACTATAAACTGACATTT","TGTGCCAGCAGCTTGATCGGGGGAGCCTATGGCTACACCTTC",3,"368-01a, 368-04, 368-13","368-01a, 368-04",4,3,NA
"78","CAENSGGYQKVTF_CASSLIGGETQYF","CAENSGGYQKVTF","CASSLIGGETQYF","TRAV8-3.TRAJ13.TRAC","TRBV7-9..TRBJ2-5.TRBC2","TGTGCTGAGAATTCTGGGGGTTACCAGAAAGTTACCTTT","TGTGCCAGCAGCTTAATCGGGGGAGAGACCCAGTACTTC",1,"368-01a, 368-20","368-20",2,1,NA
"79","CAAAIQGAQKLVF_CASSLIGGTGELFF","CAAAIQGAQKLVF","CASSLIGGTGELFF","TRAV29/DV5.TRAJ54.TRAC","TRBV7-3..TRBJ2-2.TRBC2","TGTGCAGCCGCAATTCAGGGAGCCCAGAAGCTGGTATTT","TGTGCCAGCAGCTTAATCGGGGGCACCGGGGAGCTGTTTTTT",1,"368-01a, 368-16","368-16",2,1,NA
"80","CVVNFYNQGGKLIF_CASSLLAGGIEQFF","CVVNFYNQGGKLIF","CASSLLAGGIEQFF","TRAV12-1.TRAJ23.TRAC","TRBV5-6..TRBJ2-1.TRBC2","TGTGTGGTGAACTTTTATAACCAGGGAGGAAAGCTTATCTTC","TGTGCCAGCAGCTTGTTAGCGGGGGGAATAGAGCAGTTCTTC",1,"368-20, 368-22","368-20",3,1,NA
"81","CAVKAAGNKLTF_CASSLMGQGVTTEAFF","CAVKAAGNKLTF","CASSLMGQGVTTEAFF","TRAV3.TRAJ17.TRAC","TRBV27.TRBD1.TRBJ1-1.TRBC1","TGTGCTGTGAAAGCTGCAGGCAACAAGCTAACTTTT","TGTGCCAGCAGTTTAATGGGGCAGGGGGTTACGACTGAAGCTTTCTTT",1,"368-13, 368-20","368-20",4,1,NA
"82","CAGPGSGGYQKVTF_CASSLMWDNEQFF","CAGPGSGGYQKVTF","CASSLMWDNEQFF","TRAV25.TRAJ13.TRAC","TRBV5-1..TRBJ2-1.TRBC2","TGTGCAGGGCCGGGATCTGGGGGTTACCAGAAAGTTACCTTT","TGCGCCAGCAGCTTGATGTGGGACAATGAGCAGTTCTTC",1,"368-01a, 368-16","368-16",2,1,NA
"83","CATDSSNTGKLIF_CASSLNTNTGELFF","CATDSSNTGKLIF","CASSLNTNTGELFF","TRAV17.TRAJ37.TRAC","TRBV9..TRBJ2-2.TRBC2","TGTGCTACGGACTCCAGCAACACAGGCAAACTAATCTTT","TGTGCCAGCAGCTTAAACACGAACACCGGGGAGCTGTTTTTT",2,"368-01a, 368-13","368-13",4,2,NA
"84","CAGGSQGNLIF_CASSLPGVVHGYTF","CAGGSQGNLIF","CASSLPGVVHGYTF","TRAV41.TRAJ42.TRAC","TRBV7-2..TRBJ1-2.TRBC1","TGTGCTGGAGGAAGCCAAGGAAATCTCATCTTT","TGTGCCAGCAGCTTACCCGGGGTGGTGCATGGCTACACCTTC",1,"368-16, 368-20","368-20",4,1,NA
"85","CAGPGSGGYQKVTF_CASSLQDAVPRIRTGELFF","CAGPGSGGYQKVTF","CASSLQDAVPRIRTGELFF","TRAV25.TRAJ13.TRAC","TRBV6-6..TRBJ2-2.TRBC2","TGTGCAGGGCCGGGATCTGGGGGTTACCAGAAAGTTACCTTT","TGTGCCAGCAGTCTTCAGGACGCGGTCCCTCGGATACGGACCGGGGAGCTGTTTTTT",1,"368-01a, 368-16","368-01a",2,1,NA
"86","CAVSAGGTSYGKLTF_CASSLQFSNEQFF","CAVSAGGTSYGKLTF","CASSLQFSNEQFF","TRAV8-6.TRAJ52.TRAC","TRBV7-7..TRBJ2-1.TRBC2","TGTGCTGTATCCGCTGGTGGTACTAGCTATGGAAAGCTGACATTT","TGTGCTAGCAGCTTACAATTCTCTAATGAGCAGTTCTTC",1,"368-13, 368-20, 368-22","368-20",3,1,NA
"87","CAVGAGGSYIPTF_CASSLQLNYGYTF","CAVGAGGSYIPTF","CASSLQLNYGYTF","TRAV3.TRAJ6.TRAC","TRBV7-2..TRBJ1-2.TRBC1","TGTGCTGTGGGGGCAGGAGGAAGCTACATACCTACATTT","TGTGCCAGCAGCCTACAGCTAAACTATGGCTACACCTTC",2,"368-01a, 368-22","368-01a",3,2,NA
"88","CAGLLHKAAGNKLTF_CASSLRATNEKLFF","CAGLLHKAAGNKLTF","CASSLRATNEKLFF","TRAV35.TRAJ17.TRAC","TRBV7-2..TRBJ1-4.TRBC1","TGTGCTGGTCTCTTGCACAAAGCTGCAGGCAACAAGCTAACTTTT","TGTGCCAGCAGCTTACGAGCAACTAATGAAAAACTGTTTTTT",1,"368-01a, 368-04","368-01a",3,1,NA
"89","CALSDGVLTGANSKLTF_CASSLRGDTQYF","CALSDGVLTGANSKLTF","CASSLRGDTQYF","TRAV9-2.TRAJ56.TRAC","TRBV7-3..TRBJ2-3.TRBC2","TGTGCTCTGAGTGATGGGGTATTGACTGGAGCCAATAGTAAGCTGACATTT","TGTGCCAGCAGCTTAAGAGGAGATACGCAGTATTTT",1,"368-22","368-20, 368-22",1,3,NA
"90","CAVKNYGGSQGNLIF_CASSLRGDTQYF","CAVKNYGGSQGNLIF","CASSLRGDTQYF","TRAV35.TRAJ42.TRAC","TRBV6-2..TRBJ2-3.TRBC2","TGTGCTGTCAAGAATTATGGAGGAAGCCAAGGAAATCTCATCTTT","TGTGCCAGCAGCCTCCGGGGGGATACGCAGTATTTT",2,"368-20","368-20, 368-22",2,3,NA
"91","CATVPSGTYKYIF_CASSLSSGSGTPYGTQYF","CATVPSGTYKYIF","CASSLSSGSGTPYGTQYF","TRAV17.TRAJ40.TRAC","TRBV7-3..TRBJ2-5.TRBC2","TGTGCTACGGTCCCCTCAGGAACCTACAAATACATCTTT","TGTGCCAGCAGCTTAAGTTCGGGGTCCGGGACCCCTTACGGGACCCAGTACTTC",1,"368-04, 368-22","368-22",9,1,NA
"92","CAGRLSGGSNYKLTF_CASSLTGNYGYTF","CAGRLSGGSNYKLTF","CASSLTGNYGYTF","TRAV35.TRAJ53.TRAC","TRBV11-2..TRBJ1-2.TRBC1","TGTGCTGGGCGATTAAGTGGAGGTAGCAACTATAAACTGACATTT","TGTGCCAGCAGCCTGACAGGGAACTATGGCTACACCTTC",8,"368-04, 368-16","368-04, 368-16",8,8,NA
"93","CATVPSGTYKYIF_CASSLTPGQHYEQYF","CATVPSGTYKYIF","CASSLTPGQHYEQYF","TRAV17.TRAJ40.TRAC","TRBV19..TRBJ2-7.TRBC2","TGTGCTACGGTCCCCTCAGGAACCTACAAATACATCTTT","TGTGCCAGTAGTCTCACCCCGGGACAGCACTACGAGCAGTACTTC",3,"368-04, 368-22","368-04",9,3,NA
"94","CIVPRGTGFQKLVF_CASSLVGGGPAEAFF","CIVPRGTGFQKLVF","CASSLVGGGPAEAFF","TRAV26-1.TRAJ8.","TRBV11-2..TRBJ1-1.TRBC1","TGCATCGTCCCGCGGGGCACAGGCTTTCAGAAACTTGTATTT","TGTGCCAGCAGCTTAGTAGGGGGGGGTCCGGCTGAAGCTTTCTTT",6,"368-01a, 368-16","368-16",13,12,NA
"95","CIVPRGTGFQKLVF_CASSLVGGGPAEAFF","CIVPRGTGFQKLVF","CASSLVGGGPAEAFF","TRAV26-1.TRAJ8.TRAC","TRBV11-2..TRBJ1-1.TRBC1","TGCATCGTCCCGCGGGGCACAGGCTTTCAGAAACTTGTATTT","TGTGCCAGCAGCTTAGTAGGGGGGGGTCCGGCTGAAGCTTTCTTT",6,"368-01a, 368-16","368-16",13,12,NA
"96","CALSTSGGSYIPTF_CASSLVSGAGPEGKLFF","CALSTSGGSYIPTF","CASSLVSGAGPEGKLFF","TRAV9-2.TRAJ6.TRAC","TRBV7-2..TRBJ1-4.TRBC1","TGTGCTCTGAGTACTTCAGGAGGAAGCTACATACCTACATTT","TGTGCCAGCAGCTTAGTCTCGGGGGCGGGCCCCGAGGGAAAACTGTTTTTT",1,"368-16, 368-22","368-22",2,1,NA
"97","CIVKETSGSRLTF_CASSLVSGGAETQYF","CIVKETSGSRLTF","CASSLVSGGAETQYF","TRAV26-1.TRAJ58.TRAC","TRBV7-8.TRBD1.TRBJ2-5.TRBC2","TGCATCGTCAAAGAAACCAGTGGCTCTAGGTTGACCTTT","TGTGCCAGCAGCTTAGTGTCAGGGGGCGCGGAGACCCAGTACTTC",2,"368-20, 368-22","368-20",3,2,NA
"98","CIVKETSGSRLTF_CASSLVTGGPETQYF","CIVKETSGSRLTF","CASSLVTGGPETQYF","TRAV26-1.TRAJ58.TRAC","TRBV7-8.TRBD1.TRBJ2-5.TRBC2","TGCATCGTCAAGGAAACCAGTGGCTCTAGGTTGACCTTT","TGTGCCAGCAGCTTAGTCACAGGGGGCCCCGAGACCCAGTACTTC",1,"368-20, 368-22","368-22",3,1,NA
"99","CAVRPSNDYKLSF_CASSLYGTSPREQYF","CAVRPSNDYKLSF","CASSLYGTSPREQYF","TRAV3.TRAJ20.TRAC","TRBV5-4..TRBJ2-7.TRBC2","TGTGCTGTGAGACCCTCTAACGACTACAAGCTCAGCTTT","TGTGCCAGCAGCTTGTACGGGACTTCACCTCGAGAGCAGTACTTC",1,"368-16, 368-20","368-20",2,1,NA
"100","CAAAIQGAQKLVF_CASSMFSRGGTYEQYF","CAAAIQGAQKLVF","CASSMFSRGGTYEQYF","TRAV29/DV5.TRAJ54.TRAC","TRBV19..TRBJ2-7.TRBC2","TGTGCAGCAGCCATTCAGGGAGCCCAGAAGCTGGTATTT","TGTGCCAGTAGTATGTTTTCTCGAGGCGGGACCTACGAGCAGTACTTC",1,"368-01a, 368-16","368-01a",2,1,NA
"101","CATGLTGGGNKLTF_CASSMGGGNQPQHF","CATGLTGGGNKLTF","CASSMGGGNQPQHF","TRAV17.TRAJ10.TRAC","TRBV19..TRBJ1-5.TRBC1","TGTGCTACGGGACTCACGGGAGGAGGAAACAAACTCACCTTT","TGTGCCAGTAGTATGGGGGGCGGCAATCAGCCCCAGCATTTT",3,"368-04, 368-22","368-22",9,3,331
"102","CAASASGNQFYF_CASSMYRGRAEKLFF","CAASASGNQFYF","CASSMYRGRAEKLFF","TRAV29/DV5.TRAJ49.TRAC","TRBV11-2..TRBJ1-4.TRBC1","TGTGCAGCAAGCGCGAGCGGTAACCAGTTCTATTTT","TGTGCCAGCAGTATGTACCGGGGGAGGGCTGAAAAACTGTTTTTT",1,"368-13, 368-16","368-13",2,1,NA
"103","CALSSGGSNYKLTF_CASSNGTRTNYGYTF","CALSSGGSNYKLTF","CASSNGTRTNYGYTF","TRAV9-2.TRAJ53.TRAC","TRBV5-4..TRBJ1-2.TRBC1","TGTGCTCTGAGTAGTGGAGGTAGCAACTATAAACTGACATTT","TGTGCCAGCAGCAACGGGACACGAACTAACTATGGCTACACCTTC",1,"368-01a, 368-16","368-01a",2,1,NA
"104","CAVEGYYGGSQGNLIF_CASSNLQGRSTEAFF","CAVEGYYGGSQGNLIF","CASSNLQGRSTEAFF","TRAV2.TRAJ42.TRAC","TRBV6-5..TRBJ1-1.TRBC1","TGTGCTGTGGAGGGGTATTATGGAGGAAGCCAAGGAAATCTCATCTTT","TGTGCCAGCAGTAACCTTCAGGGCAGGAGCACTGAAGCTTTCTTT",2,"368-01a, 368-20","368-20",3,2,NA
"105","CAASADNNDMRF_CASSPANYEQYF","CAASADNNDMRF","CASSPANYEQYF","TRAV29/DV5.TRAJ43.TRAC","TRBV18..TRBJ2-7.TRBC2","TGTGCAGCAAGCGCGGATAACAATGACATGCGCTTT","TGTGCCAGCTCACCAGCTAACTACGAGCAGTACTTC",2,"368-16, 368-20, 368-22","368-22",6,2,NA
"106","CAGVQGAQKLVF_CASSPGDRVREKLFF","CAGVQGAQKLVF","CASSPGDRVREKLFF","TRAV35.TRAJ54.TRAC","TRBV6-5.TRBD1.TRBJ1-4.TRBC1","TGTGCTGGGGTTCAGGGAGCCCAGAAGCTGGTATTT","TGTGCCAGCAGTCCCGGGGACAGGGTTAGAGAAAAACTGTTTTTT",1,"368-01a, 368-13","368-13",3,1,NA
"107","CAVPNTNAGKSTF_CASSPGLAGGSEDTQYF","CAVPNTNAGKSTF","CASSPGLAGGSEDTQYF","TRAV2.TRAJ27.TRAC","TRBV7-8.TRBD2.TRBJ2-3.TRBC2","TGTGCTGTCCCTAACACCAATGCAGGCAAATCAACCTTT","TGTGCCAGCAGCCCAGGACTAGCGGGGGGCTCAGAAGATACGCAGTATTTT",1,"368-04, 368-20","368-20",2,1,NA
"108","CAVGGSARQLTF_CASSPGPTEAFF","CAVGGSARQLTF","CASSPGPTEAFF","TRAV36/DV7.TRAJ22.TRAC","TRBV10-2..TRBJ1-1.TRBC1","TGTGCTGTCGGTGGTTCTGCAAGGCAACTGACCTTT","TGCGCCAGCAGTCCGGGACCCACTGAAGCTTTCTTT",1,"368-20, 368-22","368-20",2,1,NA
"109","CATDARSGAGSYQLTF_CASSPGQGFSPLHF","CATDARSGAGSYQLTF","CASSPGQGFSPLHF","TRAV17.TRAJ28.TRAC","TRBV12-3.TRBD1.TRBJ1-6.TRBC1","TGTGCTACGGACGCTAGGTCTGGGGCTGGGAGTTACCAACTCACTTTC","TGTGCCAGCAGCCCAGGACAGGGGTTTTCACCCCTCCACTTT",2,"368-01a, 368-13, 368-22","368-01a",9,2,NA
"110","CAVGASGGSYIPTF_CASSPGQGGGTEAFF","CAVGASGGSYIPTF","CASSPGQGGGTEAFF","TRAV8-3.TRAJ6.TRAC","TRBV12-4..TRBJ1-1.TRBC1","TGTGCTGTGGGTGCATCAGGAGGAAGCTACATACCTACATTT","TGTGCCAGCAGTCCAGGTCAGGGCGGTGGGACTGAAGCTTTCTTT",2,"368-13, 368-22","368-22",3,2,NA
"111","CATDARSGAGSYQLTF_CASSPGQGYSPLHF","CATDARSGAGSYQLTF","CASSPGQGYSPLHF","TRAV17.TRAJ28.TRAC","TRBV12-3..TRBJ1-6.TRBC1","TGTGCTACGGACGCAAGGTCTGGGGCTGGGAGTTACCAACTCACTTTC","TGTGCCAGCAGTCCCGGACAGGGATACTCACCCCTCCACTTT",2,"368-01a, 368-13, 368-22","368-01a, 368-13",9,4,NA
"112","CATDARSGAGSYQLTF_CASSPGQGYSPLHF","CATDARSGAGSYQLTF","CASSPGQGYSPLHF","TRAV17.TRAJ28.TRAC","TRBV12-3.TRBD1.TRBJ1-6.TRBC1","TGTGCTACGGACGCAAGGTCTGGGGCTGGGAGTTACCAACTCACTTTC","TGTGCCAGCAGTCCCGGACAGGGATACTCACCCCTCCACTTT",2,"368-01a, 368-13, 368-22","368-01a, 368-13",9,4,NA
"113","CAASSSNTGKLIF_CASSPHDTNTGELFF","CAASSSNTGKLIF","CASSPHDTNTGELFF","TRAV8-1.TRAJ37.TRAC","TRBV3-1..TRBJ2-2.TRBC2","TGTGCCGCGAGCTCTAGCAACACAGGCAAACTAATCTTT","TGTGCCAGCAGCCCCCACGACACAAACACCGGGGAGCTGTTTTTT",2,"368-01a, 368-16","368-01a",3,2,NA
"114","CATDARSGAGSYQLTF_CASSPLQGAHNEQFF","CATDARSGAGSYQLTF","CASSPLQGAHNEQFF","TRAV17.TRAJ28.TRAC","TRBV12-3.TRBD1.TRBJ2-1.TRBC2","TGTGCTACGGACGCTCGCTCTGGGGCTGGGAGTTACCAACTCACTTTC","TGTGCCAGCAGTCCCTTACAGGGGGCGCACAATGAGCAGTTCTTC",1,"368-01a, 368-13, 368-22","368-01a",9,1,NA
"115","CATDSSNTGKLIF_CASSPNTNTGELFF","CATDSSNTGKLIF","CASSPNTNTGELFF","TRAV17.TRAJ37.TRAC","TRBV9..TRBJ2-2.TRBC2","TGTGCTACGGACTCTAGCAACACAGGCAAACTAATCTTT","TGTGCCAGCAGCCCGAACACTAACACCGGGGAGCTGTTTTTT",1,"368-01a, 368-13","368-01a",4,1,NA
"116","CAVDGSSNTGKLIF_CASSPPDTGQEKLFF","CAVDGSSNTGKLIF","CASSPPDTGQEKLFF","TRAV21.TRAJ37.TRAC","TRBV18..TRBJ1-4.TRBC1","TGTGCTGTTGATGGCTCTAGCAACACAGGCAAACTAATCTTT","TGTGCCAGCTCACCACCGGATACAGGGCAGGAAAAACTGTTTTTT",1,"368-13, 368-16","368-16",2,1,NA
"117","CAVSPGSSNTGKLIF_CASSPPGTHYNEQFF","CAVSPGSSNTGKLIF","CASSPPGTHYNEQFF","TRAV3.TRAJ37.TRAC","TRBV18..TRBJ2-1.TRBC2","TGTGCTGTGAGTCCTGGCTCTAGCAACACAGGCAAACTAATCTTT","TGTGCCAGCTCACCACCCGGGACACACTACAATGAGCAGTTCTTC",5,"368-01a, 368-13","368-13",9,5,NA
"118","CAVSPGSSNTGKLIF_CASSPPGTVYNEQFF","CAVSPGSSNTGKLIF","CASSPPGTVYNEQFF","TRAV3.TRAJ37.TRAC","TRBV18..TRBJ2-1.TRBC2","TGTGCTGTGAGCCCCGGCTCTAGCAACACAGGCAAACTAATCTTT","TGTGCCAGCAGCCCTCCCGGGACAGTCTACAATGAGCAGTTCTTC",2,"368-01a, 368-13","368-01a, 368-13",9,4,NA
"119","CAVSPGSSNTGKLIF_CASSPPGTVYNEQFF","CAVSPGSSNTGKLIF","CASSPPGTVYNEQFF","TRAV3.TRAJ37.TRAC","TRBV7-2..TRBJ2-1.TRBC2","TGTGCTGTGAGCCCCGGCTCTAGCAACACAGGCAAACTAATCTTT","TGTGCCAGCAGCCCTCCCGGGACAGTCTACAATGAGCAGTTCTTC",2,"368-01a, 368-13","368-01a, 368-13",9,4,NA
"120","CAVPNTNAGKSTF_CASSPPLAGKSLGGYTF","CAVPNTNAGKSTF","CASSPPLAGKSLGGYTF","TRAV36/DV7.TRAJ27.","TRBV18..TRBJ1-2.TRBC1","TGTGCTGTCCCAAACACCAATGCAGGCAAATCAACCTTT","TGTGCCAGCTCACCACCGTTGGCAGGGAAGTCCTTAGGTGGCTACACCTTC",1,"368-04, 368-20","368-04",2,1,NA
"121","CVVNTGFQKLVF_CASSPQASGGNNEQFF","CVVNTGFQKLVF","CASSPQASGGNNEQFF","TRAV12-1.TRAJ8.TRAC","TRBV18..TRBJ2-1.TRBC2","TGTGTGGTGAACACAGGCTTTCAGAAACTTGTATTT","TGTGCCAGCTCACCCCAGGCTAGCGGAGGGAACAATGAGCAGTTCTTC",1,"368-04, 368-22","368-22",3,1,NA
"122","CALRVPQGAQKLVF_CASSPQGVPSTGELFF","CALRVPQGAQKLVF","CASSPQGVPSTGELFF","TRAV9-2.TRAJ54.TRAC","TRBV18..TRBJ2-2.TRBC2","TGTGCTCTGAGAGTTCCTCAGGGAGCCCAGAAGCTGGTATTT","TGTGCCAGCTCACCACAGGGGGTCCCCAGCACCGGGGAGCTGTTTTTT",1,"368-01a, 368-13","368-01a",7,1,NA
"123","CAVGSPNTGNQFYF_CASSPRAGVAGELFF","CAVGSPNTGNQFYF","CASSPRAGVAGELFF","TRAV8-3.TRAJ49.TRAC","TRBV18..TRBJ2-2.TRBC2","TGTGCTGTGGGCTCACCGAACACCGGTAACCAGTTCTATTTT","TGTGCCAGCTCACCACGAGCGGGGGTTGCCGGGGAGCTGTTTTTT",1,"368-01a, 368-16","368-01a",2,1,NA
"124","CAGLLHKAAGNKLTF_CASSPREGVYNEQFF","CAGLLHKAAGNKLTF","CASSPREGVYNEQFF","TRAV35.TRAJ17.TRAC","TRBV6-1..TRBJ2-1.TRBC2","TGTGCTGGCCTCCTACACAAAGCTGCAGGCAACAAGCTAACTTTT","TGTGCCAGCAGTCCACGAGAGGGGGTCTACAATGAGCAGTTCTTC",1,"368-01a, 368-04","368-01a",3,1,NA
"125","CALMNYGGSQGNLIF_CASSPRGADGYTF","CALMNYGGSQGNLIF","CASSPRGADGYTF","TRAV35.TRAJ42.TRAC","TRBV12-3..TRBJ1-2.TRBC1","TGTGCTCTGATGAATTATGGAGGAAGCCAAGGAAATCTCATCTTT","TGTGCCAGCAGTCCAAGGGGGGCGGATGGCTACACCTTC",5,"368-01a, 368-13","368-13",6,5,NA
"126","CAGQLNRAAGNKLTF_CASSPRGTEAFF","CAGQLNRAAGNKLTF","CASSPRGTEAFF","TRAV35.TRAJ17.TRAC","TRBV6-1..TRBJ1-1.TRBC1","TGTGCTGGGCAGCTCAATCGAGCTGCAGGCAACAAGCTAACTTTT","TGTGCCAGCAGCCCTCGAGGCACTGAAGCTTTCTTT",5,"368-01a, 368-16","368-01a",6,5,340
"127","CAGLLHKAAGNKLTF_CASSPRQDTQYF","CAGLLHKAAGNKLTF","CASSPRQDTQYF","TRAV35.TRAJ17.TRAC","TRBV3-1..TRBJ2-3.TRBC2","TGTGCTGGCTTACTTCACAAAGCTGCAGGCAACAAGCTAACTTTT","TGTGCCAGCAGCCCCAGGCAAGATACGCAGTATTTT",1,"368-01a, 368-04","368-04",3,1,NA
"128","CAFDNYGQNFVF_CASSPRQGLNTEAFF","CAFDNYGQNFVF","CASSPRQGLNTEAFF","TRAV38-1.TRAJ26.TRAC","TRBV5-8..TRBJ1-1.TRBC1","TGTGCTTTTGATAACTATGGTCAGAATTTTGTCTTT","TGTGCCAGCAGCCCCCGACAGGGATTGAACACTGAAGCTTTCTTT",1,"368-01a, 368-16","368-01a",2,1,NA
"129","CALSSGSRLTF_CASSPRTSDTDTQYF","CALSSGSRLTF","CASSPRTSDTDTQYF","TRAV9-2.TRAJ58.TRAC","TRBV11-2..TRBJ2-3.TRBC2","TGTGCTCTGAGCAGTGGCTCTAGGTTGACCTTT","TGTGCCAGCAGCCCAAGGACTAGCGACACAGATACGCAGTATTTT",1,"368-01a, 368-22","368-22",2,1,NA
"130","CAFDNYGQNFVF_CASSPSGTSGGRSYNEQFF","CAFDNYGQNFVF","CASSPSGTSGGRSYNEQFF","TRAV9-2.TRAJ26.","TRBV18.TRBD2.TRBJ2-1.TRBC2","TGTGCTTTCGATAACTATGGTCAGAATTTTGTCTTT","TGTGCCAGCTCACCTTCCGGGACTAGCGGGGGCCGCTCCTACAATGAGCAGTTCTTC",1,"368-01a, 368-16","368-16",2,1,NA
"131","CAASADNNDMRF_CASSPTNFEQYF","CAASADNNDMRF","CASSPTNFEQYF","TRAV29/DV5.TRAJ43.TRAC","TRBV18..TRBJ2-7.TRBC2","TGTGCAGCAAGCGCGGATAACAATGACATGCGCTTT","TGTGCCAGCTCACCGACGAATTTCGAGCAGTACTTC",2,"368-16, 368-20, 368-22","368-16",6,2,NA
"132","CIVRAPNTGNQFYF_CASSPTPQGTYEQYF","CIVRAPNTGNQFYF","CASSPTPQGTYEQYF","TRAV26-1.TRAJ49.TRAC","TRBV3-1..TRBJ2-7.TRBC2","TGCATCGTCAGAGCCCCCAACACCGGTAACCAGTTCTATTTT","TGTGCCAGCAGCCCAACCCCCCAGGGGACCTACGAGCAGTACTTC",1,"368-01a, 368-16","368-16",2,1,NA
"133","CLVVLSGGYNKLIF_CASSPVGAGENEQFF","CLVVLSGGYNKLIF","CASSPVGAGENEQFF","TRAV4.TRAJ4.TRAC","TRBV4-3..TRBJ2-1.TRBC2","TGCCTCGTGGTTTTGTCTGGTGGCTACAATAAGCTGATTTTT","TGCGCCAGCAGCCCGGTGGGGGCGGGAGAAAATGAGCAGTTCTTC",1,"368-04, 368-13","368-04",2,1,NA
"134","CAASADNNDMRF_CASSPVNYEQYF","CAASADNNDMRF","CASSPVNYEQYF","TRAV29/DV5.TRAJ43.TRAC","TRBV18..TRBJ2-7.TRBC2","TGTGCAGCAAGCGCGGATAACAATGACATGCGCTTT","TGTGCCAGCTCACCGGTCAATTACGAGCAGTACTTC",2,"368-16, 368-20, 368-22","368-20",6,2,NA
"135","CAVGAKEYGNKLVF_CASSPVTSGGGNEQYF","CAVGAKEYGNKLVF","CASSPVTSGGGNEQYF","TRAV8-3.TRAJ47.TRAC","TRBV3-1.TRBD2.TRBJ2-7.TRBC2","TGTGCTGTGGGTGCGAAGGAATATGGAAACAAGCTGGTCTTT","TGTGCCAGCAGCCCTGTGACTAGCGGGGGGGGAAACGAGCAGTACTTC",1,"368-13, 368-16","368-13",3,1,NA
"136","CAVGAKEYGNKLVF_CASSPVTSGRGNEQFF","CAVGAKEYGNKLVF","CASSPVTSGRGNEQFF","TRAV8-3.TRAJ47.TRAC","TRBV3-1.TRBD2.TRBJ2-1.TRBC2","TGTGCTGTGGGTGCAAAGGAATATGGAAACAAGCTGGTCTTT","TGTGCCAGCAGCCCAGTGACTAGCGGGAGGGGGAATGAGCAGTTCTTC",1,"368-13, 368-16","368-13",3,1,NA
"137","CLVVLSGGYNKLIF_CASSQAGAGEDGYTF","CLVVLSGGYNKLIF","CASSQAGAGEDGYTF","TRAV4.TRAJ4.TRAC","TRBV4-3.TRBD1.TRBJ1-2.TRBC1","TGCCTCGTGGTCCTTTCTGGTGGCTACAATAAGCTGATTTTT","TGCGCCAGCAGCCAAGCCGGGGCAGGGGAGGATGGCTACACCTTC",1,"368-04, 368-13","368-13",2,1,NA
"138","CAASYSSASKIIF_CASSQALDGGYTF","CAASYSSASKIIF","CASSQALDGGYTF","TRAV2.TRAJ3.TRAC","TRBV5-4..TRBJ1-2.TRBC1","TGTGCTGCGTCGTACAGCAGTGCTTCCAAGATAATCTTT","TGTGCCAGCAGCCAGGCCCTGGACGGGGGCTACACCTTC",1,"368-13, 368-20","368-13",2,1,NA
"139","CAVSDRGSSNTGKLIF_CASSQDQGATGYTF","CAVSDRGSSNTGKLIF","CASSQDQGATGYTF","TRAV8-4.TRAJ37.TRAC","TRBV4-1.TRBD1.TRBJ1-2.TRBC1","TGTGCTGTGAGTGATCGAGGCTCTAGCAACACAGGCAAACTAATCTTT","TGCGCCAGCAGCCAAGATCAGGGGGCAACTGGCTACACCTTC",2,"368-13, 368-16","368-13",3,2,NA
"140","CAGVNNAGNMLTF_CASSQDVTLGRLAFDEQFF","CAGVNNAGNMLTF","CASSQDVTLGRLAFDEQFF","TRAV27.TRAJ39.TRAC","TRBV4-3..TRBJ2-1.TRBC2","TGTGCAGGAGTGAATAATGCAGGCAACATGCTCACCTTT","TGCGCCAGCAGCCAAGATGTTACATTGGGTAGACTAGCCTTCGATGAGCAGTTCTTC",1,"368-04, 368-20","368-20",2,1,NA
"141","CAVGSPNTGNQFYF_CASSQDYSPKQFF","CAVGSPNTGNQFYF","CASSQDYSPKQFF","TRAV21.TRAJ49.TRAC","TRBV14..TRBJ2-1.TRBC2","TGTGCTGTGGGAAGCCCGAACACCGGTAACCAGTTCTATTTT","TGTGCCAGCAGCCAAGATTACAGTCCAAAGCAGTTCTTC",1,"368-01a, 368-16","368-16",2,1,NA
"142","CAASAPSGTYKYIF_CASSQEAWGSGRITDTQYF","CAASAPSGTYKYIF","CASSQEAWGSGRITDTQYF","TRAV29/DV5.TRAJ40.TRAC","TRBV4-2..TRBJ2-3.TRBC2","TGTGCAGCAAGCGCCCCCTCAGGAACCTACAAATACATCTTT","TGTGCCAGCAGCCAAGAAGCGTGGGGTAGCGGGCGCATCACAGATACGCAGTATTTT",1,"368-01a, 368-13","368-13",3,1,NA
"143","CALNSGGSNYKLTF_CASSQEPGQGGEQFF","CALNSGGSNYKLTF","CASSQEPGQGGEQFF","TRAV16.TRAJ53.TRAC","TRBV4-3.TRBD1.TRBJ2-1.TRBC2","TGTGCTCTAAACAGTGGAGGTAGCAACTATAAACTGACATTT","TGCGCCAGCAGCCAAGAACCGGGACAGGGGGGTGAGCAGTTCTTC",1,"368-20, 368-22","368-20",2,1,NA
"144","CAASGGYQKVTF_CASSQEPHRQGGELFF","CAASGGYQKVTF","CASSQEPHRQGGELFF","TRAV13-1.TRAJ13.TRAC","TRBV4-1..TRBJ2-2.TRBC2","TGTGCAGCAAGTGGGGGTTACCAGAAAGTTACCTTT","TGCGCCAGCAGCCAAGAGCCCCACAGGCAGGGCGGGGAGCTGTTTTTT",1,"368-04, 368-16","368-04",5,1,NA
"145","CAVRPNAGNNRKLIW_CASSQGENQPQHF","CAVRPNAGNNRKLIW","CASSQGENQPQHF","TRAV21.TRAJ38.TRAC","TRBV12-3..TRBJ1-5.TRBC1","TGTGCTGTGAGGCCCAATGCTGGCAACAACCGTAAGCTGATTTGG","TGTGCCAGCAGCCAAGGGGAAAATCAGCCCCAGCATTTT",1,"368-01a, 368-13","368-01a",12,1,NA
"146","CAVGSSNTGKLIF_CASSQGMGNIGGRPQHF","CAVGSSNTGKLIF","CASSQGMGNIGGRPQHF","TRAV22.TRAJ37.TRAC","TRBV4-3..TRBJ1-5.TRBC1","TGTGCTGTGGGCTCTAGCAACACAGGCAAACTAATCTTT","TGCGCCAGCAGCCAAGGGATGGGGAATATAGGGGGTCGGCCCCAGCATTTT",1,"368-13, 368-20","368-20",2,1,NA
"147","CAVTGTYKYIF_CASSQGNRANTEAFF","CAVTGTYKYIF","CASSQGNRANTEAFF","TRAV21.TRAJ40.TRAC","TRBV14..TRBJ1-1.TRBC1","TGTGCTGTGACAGGAACCTACAAATACATCTTT","TGTGCCAGCAGCCAGGGGAACAGGGCGAACACTGAAGCTTTCTTT",6,"368-01a, 368-16","368-01a, 368-16",12,20,NA
"148","CAVAGTYKYIF_CASSQGNRANTEAFF","CAVAGTYKYIF","CASSQGNRANTEAFF","TRAV21.TRAJ40.TRAC","TRBV14..TRBJ1-1.TRBC1","TGTGCTGTGGCAGGAACCTACAAATACATCTTT","TGTGCCAGCAGCCAAGGGAACAGGGCAAACACTGAAGCTTTCTTT",4,"368-01a","368-01a, 368-16",4,20,NA
"149","CAASGTYKYIF_CASSQGNRANTEAFF","CAASGTYKYIF","CASSQGNRANTEAFF","TRAV21.TRAJ40.TRAC","TRBV14..TRBJ1-1.TRBC1","TGTGCCGCCTCAGGAACCTACAAATACATCTTT","TGTGCCAGCAGCCAAGGCAACAGGGCGAACACTGAAGCTTTCTTT",1,"368-16","368-01a, 368-16",1,20,NA
"150","CASTGTYKYIF_CASSQGNRANTEAFF","CASTGTYKYIF","CASSQGNRANTEAFF","TRAV21.TRAJ40.TRAC","TRBV14..TRBJ1-1.TRBC1","TGTGCTTCCACGGGAACCTACAAATACATCTTT","TGTGCCAGCAGCCAAGGTAACAGGGCGAACACTGAAGCTTTCTTT",3,"368-16","368-01a, 368-16",3,20,NA
"151","CAVTGTYKYIF_CASSQGNRANTEAFF","CAVTGTYKYIF","CASSQGNRANTEAFF","TRAV21.TRAJ40.TRAC","TRBV14.TRBD1.TRBJ1-1.TRBC1","TGTGCTGTGACAGGAACCTACAAATACATCTTT","TGTGCCAGCAGCCAGGGGAACAGGGCGAACACTGAAGCTTTCTTT",6,"368-01a, 368-16","368-01a, 368-16",12,20,NA
"152","CAAANTGNQFYF_CASSQGTVSTDTQYF","CAAANTGNQFYF","CASSQGTVSTDTQYF","TRAV41.TRAJ49.TRAC","TRBV4-1..TRBJ2-3.TRBC2","TGTGCTGCCGCGAACACCGGTAACCAGTTCTATTTT","TGCGCCAGCAGCCAAGGAACAGTTAGCACAGATACGCAGTATTTT",1,"368-01a, 368-04","368-04",2,1,NA
"153","CALRVPQGAQKLVF_CASSQLATPTDTQYF","CALRVPQGAQKLVF","CASSQLATPTDTQYF","TRAV9-2.TRAJ54.TRAC","TRBV7-2..TRBJ2-3.TRBC2","TGTGCTCTGAGGGTACCTCAGGGAGCCCAGAAGCTGGTATTT","TGTGCCAGCAGCCAACTAGCGACGCCGACAGATACGCAGTATTTT",6,"368-01a, 368-13","368-13",7,6,NA
"154","CAAQTGANNLFF_CASSQTGGDWYTF","CAAQTGANNLFF","CASSQTGGDWYTF","TRAV23/DV6.TRAJ36.TRAC","TRBV7-9.TRBD1.TRBJ1-2.TRBC1","TGTGCAGCCCAAACTGGGGCAAACAACCTCTTCTTT","TGTGCCAGCAGCCAGACAGGGGGCGACTGGTACACCTTC",1,"368-13, 368-16","368-16",5,1,NA
"155","CATDARSGAGSYQLTF_CASSQTGVSNQPQHF","CATDARSGAGSYQLTF","CASSQTGVSNQPQHF","TRAV17.TRAJ28.TRAC","TRBV12-3..TRBJ1-5.TRBC1","TGTGCTACGGACGCTCGGTCTGGGGCTGGGAGTTACCAACTCACTTTC","TGTGCCAGCAGCCAGACAGGGGTAAGCAATCAGCCCCAGCATTTT",1,"368-01a, 368-13, 368-22","368-01a",9,1,NA
"156","CALNSGGSNYKLTF_CASSQTLWGYNEQFF","CALNSGGSNYKLTF","CASSQTLWGYNEQFF","TRAV9-2.TRAJ53.TRAC","TRBV14..TRBJ2-1.TRBC2","TGTGCTCTGAATAGTGGAGGTAGCAACTATAAACTGACATTT","TGTGCCAGCAGCCAGACTCTCTGGGGGTACAATGAGCAGTTCTTC",1,"368-20, 368-22","368-22",2,1,NA
"157","CAVSDRGSSNTGKLIF_CASSQVVGSHYGYTF","CAVSDRGSSNTGKLIF","CASSQVVGSHYGYTF","TRAV8-6.TRAJ37.TRAC","TRBV14..TRBJ1-2.TRBC1","TGTGCTGTGAGTGATCGAGGCTCTAGCAACACAGGCAAACTAATCTTT","TGTGCCAGCAGCCAAGTCGTCGGGAGCCACTATGGCTACACCTTC",1,"368-13, 368-16","368-16",3,1,NA
"158","CAASSSNTGKLIF_CASSQWNSNYGYTF","CAASSSNTGKLIF","CASSQWNSNYGYTF","TRAV23/DV6.TRAJ37.TRAC","TRBV16..TRBJ1-2.TRBC1","TGTGCAGCAAGCTCGAGCAACACAGGCAAACTAATCTTT","TGTGCCAGCAGCCAATGGAACAGTAACTATGGCTACACCTTC",1,"368-01a, 368-16","368-16",3,1,NA
"159","CATGLTGGGNKLTF_CASSRGGGNQPQHF","CATGLTGGGNKLTF","CASSRGGGNQPQHF","TRAV17.TRAJ10.TRAC","TRBV19..TRBJ1-5.TRBC1","TGTGCTACGGGTCTCACGGGAGGAGGAAACAAACTCACCTTT","TGTGCCAGTAGTAGAGGGGGTGGCAATCAGCCCCAGCATTTT",3,"368-04, 368-22","368-04",9,3,331
"160","CASNTGFQKLVF_CASSRGQGAYTGELFF","CASNTGFQKLVF","CASSRGQGAYTGELFF","TRAV24.TRAJ8.TRAC","TRBV19.TRBD1.TRBJ2-2.TRBC2","TGTGCCTCAAACACAGGCTTTCAGAAACTTGTATTT","TGTGCCAGTAGTAGAGGACAGGGGGCATATACCGGGGAGCTGTTTTTT",1,"368-04, 368-22","368-22",2,1,NA
"161","CAVEANYGQNFVF_CASSRLTGSEQYF","CAVEANYGQNFVF","CASSRLTGSEQYF","TRAV36/DV7.TRAJ26.TRAC","TRBV6-6..TRBJ2-7.TRBC2","TGTGCTGTGGAGGCCAACTATGGTCAGAATTTTGTCTTT","TGTGCCAGCAGCCGACTTACAGGTTCCGAGCAGTACTTC",1,"368-13, 368-22","368-13",2,1,NA
"162","CAVSRGSNYQLIW_CASSRQGAITEAFF","CAVSRGSNYQLIW","CASSRQGAITEAFF","TRAV27.TRAJ33.TRAC","TRBV12-3.TRBD1.TRBJ1-1.TRBC1","TGTGCAGTCTCGAGGGGTAGCAACTATCAGTTAATCTGG","TGTGCCAGCAGTCGACAGGGGGCGATTACTGAAGCTTTCTTT",3,"368-01a, 368-20","368-20",4,3,NA
"163","CAGQLNRAAGNKLTF_CASSRRDGGTGELFF","CAGQLNRAAGNKLTF","CASSRRDGGTGELFF","TRAV35.TRAJ17.TRAC","TRBV7-6.TRBD1.TRBJ2-2.TRBC2","TGTGCTGGGCAGCTAAATAGAGCTGCAGGCAACAAGCTAACTTTT","TGTGCCAGCAGCCGCAGGGACGGGGGCACCGGGGAGCTGTTTTTT",1,"368-01a, 368-16","368-16",6,1,340
"164","CAENSGGYQKVTF_CASSRRIYQPQHF","CAENSGGYQKVTF","CASSRRIYQPQHF","TRAV13-2.TRAJ13.TRAC","TRBV7-2..TRBJ1-5.TRBC1","TGTGCAGAGAATTCTGGGGGTTACCAGAAAGTTACCTTT","TGTGCCAGCAGCCGACGAATCTATCAGCCCCAGCATTTT",1,"368-01a, 368-20","368-01a",2,1,NA
"165","CAASGNAGGTSYGKLTF_CASSRRTEGYTF","CAASGNAGGTSYGKLTF","CASSRRTEGYTF","TRAV23/DV6.TRAJ52.TRAC","TRBV6-2.TRBD1.TRBJ1-2.TRBC1","TGTGCAGCAAGCGGGAATGCTGGTGGTACTAGCTATGGAAAGCTGACATTT","TGTGCCAGCAGTCGAAGGACAGAGGGCTACACCTTC",1,"368-13, 368-20","368-20",2,1,NA
"166","CAVRDNYGQNFVF_CASSRSYTSGNNEQFF","CAVRDNYGQNFVF","CASSRSYTSGNNEQFF","TRAV21.TRAJ26.TRAC","TRBV4-3..TRBJ2-1.TRBC2","TGTGCTGTGAGGGATAACTATGGTCAGAATTTTGTCTTT","TGCGCCAGCAGCCGGTCTTACACTAGCGGGAATAATGAGCAGTTCTTC",1,"368-04, 368-16","368-04",2,1,NA
"167","CAATTSGTYKYIF_CASSRTLTGPVVTEAFF","CAATTSGTYKYIF","CASSRTLTGPVVTEAFF","TRAV21.TRAJ40.TRAC","TRBV6-5..TRBJ1-1.TRBC1","TGTGCTGCGACTACCTCAGGAACCTACAAATACATCTTT","TGTGCCAGCAGCCGCACCCTAACAGGGCCGGTTGTTACTGAAGCTTTCTTT",2,"368-01a, 368-13","368-01a",3,2,NA
"168","CAGATSPYNAGGTSYGKLTF_CASSSGANVLTF","CAGATSPYNAGGTSYGKLTF","CASSSGANVLTF","TRAV21.TRAJ52.TRAC","TRBV5-1..TRBJ2-6.TRBC2","TGTGCTGGGGCCACCTCCCCATATAATGCTGGTGGTACTAGCTATGGAAAGCTGACATTT","TGCGCCAGCAGCAGTGGGGCCAACGTCCTGACTTTC",2,"368-01a","368-01a, 368-16",2,3,NA
"169","CALSDNTNAGKSTF_CASSSGANVLTF","CALSDNTNAGKSTF","CASSSGANVLTF","TRAV9-2.TRAJ27.TRAC","TRBV7-2..TRBJ2-6.TRBC2","TGTGCTCTGAGCGATAACACCAATGCAGGCAAATCAACCTTT","TGTGCCAGCAGCTCTGGGGCCAACGTCCTGACTTTC",1,"368-16, 368-22","368-01a, 368-16",2,3,NA
"170","CATGLTGGGNKLTF_CASSSGGGNQPQHF","CATGLTGGGNKLTF","CASSSGGGNQPQHF","TRAV17.TRAJ10.TRAC","TRBV19..TRBJ1-5.TRBC1","TGTGCTACGGGGCTCACGGGAGGAGGAAACAAACTCACCTTT","TGTGCCAGTAGTAGCGGTGGGGGCAATCAGCCCCAGCATTTT",1,"368-04, 368-22","368-22",9,1,331
"171","CAVSSNTGNQFYF_CASSSGLAGVARNEQFF","CAVSSNTGNQFYF","CASSSGLAGVARNEQFF","TRAV8-4.TRAJ49.TRAC","TRBV5-1.TRBD2.TRBJ2-1.TRBC2","TGTGCTGTGAGTTCGAACACCGGTAACCAGTTCTATTTT","TGCGCCAGCAGCTCCGGACTAGCGGGAGTAGCTAGGAATGAGCAGTTCTTC",1,"368-13, 368-20, 368-22","368-13",3,1,NA
"172","CAVDTDKLIF_CASSSGTSGFTGELFF","CAVDTDKLIF","CASSSGTSGFTGELFF","TRAV22.TRAJ34.TRAC","TRBV5-4..TRBJ2-2.TRBC2","TGTGCTGTCGACACCGACAAGCTCATCTTT","TGTGCCAGCAGCTCCGGGACTAGCGGCTTCACCGGGGAGCTGTTTTTT",1,"368-13, 368-16","368-16",2,1,NA
"173","CAGSYNQGGKLIF_CASSSLAGVTDTQYF","CAGSYNQGGKLIF","CASSSLAGVTDTQYF","TRAV27.TRAJ23.TRAC","TRBV5-1..TRBJ2-3.TRBC2","TGTGCAGGTTCTTATAACCAGGGAGGAAAGCTTATCTTC","TGCGCCAGCAGCTCGTTAGCGGGAGTTACGGATACGCAGTATTTT",2,"368-01a, 368-22","368-01a",3,2,NA
"174","CAVEGYYGGSQGNLIF_CASSSLEGRSTEAFF","CAVEGYYGGSQGNLIF","CASSSLEGRSTEAFF","TRAV2.TRAJ42.TRAC","TRBV6-5..TRBJ1-1.TRBC1","TGTGCTGTGGAGGGATATTATGGAGGAAGCCAAGGAAATCTCATCTTT","TGTGCCAGCAGTTCCCTTGAGGGCAGAAGCACTGAAGCTTTCTTT",1,"368-01a, 368-20","368-01a",3,1,NA
"175","CALTTNTGNQFYF_CASSSPGLRTTGELFF","CALTTNTGNQFYF","CASSSPGLRTTGELFF","TRAV9-2.TRAJ49.TRAC","TRBV5-1..TRBJ2-2.TRBC2","TGTGCTCTGACTACGAACACCGGTAACCAGTTCTATTTT","TGCGCCAGCAGTTCCCCGGGACTACGAACTACCGGGGAGCTGTTTTTT",1,"368-01a, 368-20","368-01a",2,1,NA
"176","CAAGGATNKLIF_CASSSRLAGRNEQFF","CAAGGATNKLIF","CASSSRLAGRNEQFF","TRAV29/DV5.TRAJ32.TRAC","TRBV6-4..TRBJ2-1.TRBC2","TGTGCAGCGGGTGGTGCTACAAACAAGCTCATCTTT","TGTGCCAGCAGCAGCAGACTAGCGGGTAGGAATGAGCAGTTCTTC",5,"368-01a, 368-20","368-01a",6,5,NA
"177","CATDSSNTGKLIF_CASSSSGMNTGELFF","CATDSSNTGKLIF","CASSSSGMNTGELFF","TRAV17.TRAJ37.TRAC","TRBV5-1..TRBJ2-2.TRBC2","TGTGCTACGGACTCTAGCAACACAGGCAAACTAATCTTT","TGCGCCAGCAGCTCCAGCGGGATGAACACCGGGGAGCTGTTTTTT",1,"368-01a, 368-13","368-13",4,1,NA
"178","CAASGGYQKVTF_CASSTGTEYEQYF","CAASGGYQKVTF","CASSTGTEYEQYF","TRAV23/DV6.TRAJ13.TRAC","TRBV6-5.TRBD1.TRBJ2-7.TRBC2","TGTGCAGCGTCTGGGGGTTACCAGAAAGTTACCTTT","TGTGCCAGCAGTACCGGGACAGAGTACGAGCAGTACTTC",2,"368-04, 368-16","368-16",5,4,NA
"179","CAASGGYQKVTF_CASSTGTEYEQYF","CAASGGYQKVTF","CASSTGTEYEQYF","TRAV23/DV6.TRAJ13.TRAC","TRBV6-5..TRBJ2-7.TRBC2","TGTGCAGCGTCTGGGGGTTACCAGAAAGTTACCTTT","TGTGCCAGCAGTACCGGGACAGAGTACGAGCAGTACTTC",2,"368-04, 368-16","368-16",5,4,NA
"180","CAVSSNTGNQFYF_CASSTSGDTQYF","CAVSSNTGNQFYF","CASSTSGDTQYF","TRAV41.TRAJ49.TRAC","TRBV19..TRBJ2-3.TRBC2","TGTGCTGTCAGCTCGAACACCGGTAACCAGTTCTATTTT","TGTGCCAGTAGTACTAGCGGAGATACGCAGTATTTT",1,"368-13, 368-20, 368-22","368-22",3,1,NA
"181","CAVGGSARQLTF_CASSVALVAGGNTGELFF","CAVGGSARQLTF","CASSVALVAGGNTGELFF","TRAV3.TRAJ22.TRAC","TRBV9..TRBJ2-2.TRBC2","TGTGCTGTGGGGGGTTCTGCAAGGCAACTGACCTTT","TGTGCCAGCAGCGTAGCCCTCGTAGCGGGAGGTAACACCGGGGAGCTGTTTTTT",1,"368-20, 368-22","368-22",2,1,NA
"182","CALSTSGGSYIPTF_CASSVGAGPRGSGANVLTF","CALSTSGGSYIPTF","CASSVGAGPRGSGANVLTF","TRAV9-2.TRAJ6.TRAC","TRBV9.TRBD1.TRBJ2-6.TRBC2","TGTGCTCTGAGCACGTCAGGAGGAAGCTACATACCTACATTT","TGTGCCAGCAGCGTAGGGGCAGGGCCAAGGGGCTCTGGGGCCAACGTCCTGACTTTC",1,"368-16, 368-22","368-16",2,1,NA
"183","CAASKGAAGNKLTF_CASSVKQETSYEQYF","CAASKGAAGNKLTF","CASSVKQETSYEQYF","TRAV13-1.TRAJ17.TRAC","TRBV9..TRBJ2-7.TRBC2","TGTGCAGCAAGTAAGGGAGCTGCAGGCAACAAGCTAACTTTT","TGTGCCAGCAGCGTAAAACAGGAGACTTCCTACGAGCAGTACTTC",1,"368-01a, 368-20","368-20",2,1,NA
"184","CALMNYGGSQGNLIF_CASSVTGGATYGYTF","CALMNYGGSQGNLIF","CASSVTGGATYGYTF","TRAV35.TRAJ42.TRAC","TRBV9.TRBD1.TRBJ1-2.TRBC1","TGTGCCCTCATGAATTATGGAGGAAGCCAAGGAAATCTCATCTTT","TGTGCCAGCAGCGTTACAGGGGGCGCGACCTATGGCTACACCTTC",1,"368-01a, 368-13","368-01a",6,1,NA
"185","CAVSSNTGNQFYF_CASSWDRVNQPQHF","CAVSSNTGNQFYF","CASSWDRVNQPQHF","TRAV8-6.TRAJ49.TRAC","TRBV7-8.TRBD1.TRBJ1-5.TRBC1","TGTGCTGTGAGTTCGAACACCGGTAACCAGTTCTATTTT","TGTGCCAGCAGCTGGGACAGGGTCAATCAGCCCCAGCATTTT",1,"368-13, 368-20, 368-22","368-20",3,1,NA
"186","CAVDSGGSNYKLTF_CASSWTSGRLNEQFF","CAVDSGGSNYKLTF","CASSWTSGRLNEQFF","TRAV36/DV7.TRAJ53.TRAC","TRBV18..TRBJ2-1.TRBC2","TGTGCTGTGGATAGTGGAGGTAGCAACTATAAACTGACATTT","TGTGCCAGCTCATGGACTAGCGGTCGGTTGAATGAGCAGTTCTTC",1,"368-01a, 368-20","368-20",2,1,NA
"187","CAVRDTGRRALTF_CASSYGGAGIRNIQYF","CAVRDTGRRALTF","CASSYGGAGIRNIQYF","TRAV3.TRAJ5.TRAC","TRBV7-8..TRBJ2-4.TRBC2","TGTGCTGTGAGAGACACGGGCAGGAGAGCACTTACTTTT","TGTGCCAGCAGCTACGGGGGGGCCGGAATTAGGAACATTCAGTACTTC",2,"368-04, 368-16","368-16",3,2,NA
"188","CALSDNTNAGKSTF_CASSYLAGDADTQYF","CALSDNTNAGKSTF","CASSYLAGDADTQYF","TRAV9-2.TRAJ27.TRAC","TRBV6-5..TRBJ2-3.TRBC2","TGTGCTCTGAGTGATAATACCAATGCAGGCAAATCAACCTTT","TGTGCCAGCAGTTACTTAGCGGGAGACGCAGATACGCAGTATTTT",1,"368-16, 368-22","368-22",2,1,NA
"189","CAAMEYGNKLVF_CASSYPLAGVVNEQFF","CAAMEYGNKLVF","CASSYPLAGVVNEQFF","TRAV36/DV7.TRAJ47.TRAC","TRBV6-2..TRBJ2-1.TRBC2","TGTGCTGCGATGGAATATGGAAACAAGCTGGTCTTT","TGTGCCAGCAGTTACCCTCTAGCGGGAGTGGTCAATGAGCAGTTCTTC",1,"368-13","368-01a, 368-13",1,3,NA
"190","CAVMEYGNKLVF_CASSYPLAGVVNEQFF","CAVMEYGNKLVF","CASSYPLAGVVNEQFF","TRAV36/DV7.TRAJ47.TRAC","TRBV6-2..TRBJ2-1.TRBC2","TGTGCCGTAATGGAATATGGAAACAAGCTGGTCTTT","TGTGCCAGCAGTTACCCACTAGCGGGAGTTGTCAATGAGCAGTTCTTC",2,"368-01a, 368-13, 368-16","368-01a, 368-13",3,3,NA
"191","CAASNDYKLSF_CASSYPPDKPLYEQYF","CAASNDYKLSF","CASSYPPDKPLYEQYF","TRAV20.TRAJ20.TRAC","TRBV6-2..TRBJ2-7.TRBC2","TGTGCTGCTTCTAACGACTACAAGCTCAGCTTT","TGTGCCAGCAGTTACCCCCCAGACAAACCCCTCTACGAGCAGTACTTC",1,"368-04, 368-22","368-22",2,1,NA
"192","CAENTGGFKTIF_CASSYSGTRHVNIQYF","CAENTGGFKTIF","CASSYSGTRHVNIQYF","TRAV13-2.TRAJ9.TRAC","TRBV6-2..TRBJ2-4.TRBC2","TGTGCAGAGAATACTGGAGGCTTCAAAACTATCTTT","TGTGCCAGCAGTTACTCCGGGACTCGGCATGTAAACATTCAGTACTTC",1,"368-04, 368-16","368-04",2,1,NA
"193","CAVMEYGNKLVF_CASSYSSTDSRFSFQNTEAFF","CAVMEYGNKLVF","CASSYSSTDSRFSFQNTEAFF","TRAV8-4.TRAJ47.TRAC","TRBV6-8..TRBJ1-1.TRBC1","TGTGCTGTCATGGAATATGGAAACAAGCTGGTCTTT","TGTGCCAGCAGTTACTCGAGTACGGACAGCCGGTTTTCTTTCCAGAACACTGAAGCTTTCTTT",1,"368-01a, 368-13, 368-16","368-16",3,1,NA
"194","CAVEANYGQNFVF_CASSYSTGRGMFF","CAVEANYGQNFVF","CASSYSTGRGMFF","TRAV36/DV7.TRAJ26.TRAC","TRBV6-6..TRBJ1-4.TRBC1","TGTGCTGTGGAGGCCAACTATGGTCAGAATTTTGTCTTT","TGTGCCAGCAGTTACTCGACGGGCAGGGGAATGTTTTTT",1,"368-13, 368-22","368-22",2,1,NA
"195","CAIKAAGNKLTF_CASSYTSGTGELSGNTIYF","CAIKAAGNKLTF","CASSYTSGTGELSGNTIYF","TRAV12-3.TRAJ17.TRAC","TRBV6-6.TRBD1.TRBJ1-3.TRBC1","TGTGCAATCAAAGCTGCAGGCAACAAGCTAACTTTT","TGTGCCAGCAGTTACACCTCAGGGACAGGGGAGCTCTCTGGAAACACCATATATTTT",1,"368-01a, 368-13","368-01a",2,1,NA
"196","CAVGSSNTGKLIF_CASSYVGTGPYNEQFF","CAVGSSNTGKLIF","CASSYVGTGPYNEQFF","TRAV8-1.TRAJ37.TRAC","TRBV6-5..TRBJ2-1.TRBC2","TGTGCCGTTGGCTCTAGCAACACAGGCAAACTAATCTTT","TGTGCCAGCAGTTACGTCGGGACCGGTCCCTACAATGAGCAGTTCTTC",1,"368-13, 368-20","368-13",2,1,NA
"197","CAVDSGGSNYKLTF_CATSAELRGDTQYF","CAVDSGGSNYKLTF","CATSAELRGDTQYF","TRAV22.TRAJ53.TRAC","TRBV24-1..TRBJ2-3.TRBC2","TGTGCTGTGGATAGTGGAGGTAGCAACTATAAACTGACATTT","TGTGCCACCAGTGCCGAGTTGAGGGGAGATACGCAGTATTTT",1,"368-01a, 368-20","368-01a",2,1,NA
"198","CAASGNAGGTSYGKLTF_CATSASAGATLQPQHF","CAASGNAGGTSYGKLTF","CATSASAGATLQPQHF","TRAV29/DV5.TRAJ52.TRAC","TRBV24-1..TRBJ1-5.TRBC1","TGTGCAGCAAGCGGAAATGCTGGTGGTACTAGCTATGGAAAGCTGACATTT","TGTGCCACCAGTGCCTCGGCGGGGGCTACCCTTCAGCCCCAGCATTTT",1,"368-13, 368-20","368-13",2,1,NA
"199","CAVSEDTDKLIF_CATSDPGRGTGELFF","CAVSEDTDKLIF","CATSDPGRGTGELFF","TRAV8-4.TRAJ34.TRAC","TRBV24-1..TRBJ2-2.TRBC2","TGTGCTGTGAGTGAGGACACCGACAAGCTCATCTTT","TGTGCCACCAGTGATCCGGGTCGTGGCACCGGGGAGCTGTTTTTT",1,"368-01a, 368-20","368-01a",2,1,NA
"200","CAVRSGGSNYKLTF_CATSEAGTTDTQYF","CAVRSGGSNYKLTF","CATSEAGTTDTQYF","TRAV20.TRAJ53.TRAC","TRBV24-1..TRBJ2-3.TRBC2","TGTGCTGTGCGCAGTGGAGGTAGCAACTATAAACTGACATTT","TGTGCCACCAGTGAGGCGGGAACCACAGATACGCAGTATTTT",1,"368-01a, 368-04, 368-13","368-13",4,1,NA
"201","CVVNTGFQKLVF_CATSEGLAGASYEQYF","CVVNTGFQKLVF","CATSEGLAGASYEQYF","TRAV12-1.TRAJ8.TRAC","TRBV15..TRBJ2-7.TRBC2","TGTGTGGTGAACACAGGCTTTCAGAAACTTGTATTT","TGTGCCACCAGCGAAGGACTAGCGGGGGCCTCCTACGAGCAGTACTTC",2,"368-04, 368-22","368-04",3,2,NA
"202","CAVDTDKLIF_CATSMGRQGYGDNEQFF","CAVDTDKLIF","CATSMGRQGYGDNEQFF","TRAV21.TRAJ34.TRAC","TRBV19.TRBD1.TRBJ2-1.TRBC2","TGTGCTGTTGACACCGACAAGCTCATCTTT","TGTGCCACCTCAATGGGGAGACAGGGGTATGGGGACAATGAGCAGTTCTTC",1,"368-13, 368-16","368-13",2,1,NA
"203","CALSSGSRLTF_CATSPDAGTGLEQYF","CALSSGSRLTF","CATSPDAGTGLEQYF","TRAV9-2.TRAJ58.TRAC","TRBV15.TRBD1.TRBJ2-7.TRBC2","TGTGCTCTTTCCAGTGGCTCTAGGTTGACCTTT","TGTGCCACCAGCCCCGACGCCGGGACAGGGCTTGAGCAGTACTTC",1,"368-01a, 368-22","368-01a",2,1,NA
"204","CAVGAKEYGNKLVF_CATSRDDQPQHF","CAVGAKEYGNKLVF","CATSRDDQPQHF","TRAV8-3.TRAJ47.TRAC","TRBV15..TRBJ1-5.TRBC1","TGTGCTGTGGGTGCGAAGGAATATGGAAACAAACTGGTCTTT","TGTGCCACCAGCAGAGACGATCAGCCCCAGCATTTT",1,"368-13, 368-16","368-16",3,1,NA
"205","CAESFSGGYNKLIF_CATSRDQNTGELFF","CAESFSGGYNKLIF","CATSRDQNTGELFF","TRAV5.TRAJ4.TRAC","TRBV15..TRBJ2-2.TRBC2","TGTGCAGAGAGTTTTTCTGGTGGCTACAATAAGCTGATTTTT","TGTGCCACCAGCAGAGACCAGAACACCGGGGAGCTGTTTTTT",2,"368-01a, 368-22","368-22",3,2,NA
"206","CAESFSGGYNKLIF_CATSRDQTADSNQPQHF","CAESFSGGYNKLIF","CATSRDQTADSNQPQHF","TRAV5.TRAJ4.TRAC","TRBV15..TRBJ1-5.TRBC1","TGTGCAGAGAGTTTTTCTGGTGGCTACAATAAGCTGATTTTT","TGTGCCACCAGCAGAGATCAAACAGCCGATAGCAATCAGCCCCAGCATTTT",1,"368-01a, 368-22","368-01a",3,1,NA
"207","CAVSEDTDKLIF_CATSRGDGTGGTDTQYF","CAVSEDTDKLIF","CATSRGDGTGGTDTQYF","TRAV8-4.TRAJ34.TRAC","TRBV15.TRBD1.TRBJ2-3.TRBC2","TGTGCTGTGAGTGAGGACACCGACAAGCTCATCTTT","TGTGCCACCAGCAGAGGAGACGGGACAGGGGGCACAGATACGCAGTATTTT",1,"368-01a, 368-20","368-20",2,1,NA
"208","CAALSGGSYIPTF_CAWSGGRAYEQYF","CAALSGGSYIPTF","CAWSGGRAYEQYF","TRAV22.TRAJ6.TRAC","TRBV30..TRBJ2-7.TRBC2","TGTGCTGCGCTATCAGGAGGAAGCTACATACCTACATTT","TGTGCCTGGTCGGGAGGCAGAGCCTACGAGCAGTACTTC",2,"368-13, 368-20","368-13",3,2,NA
"209","CIVRAPNTGNQFYF_CAWSVETGYEQYF","CIVRAPNTGNQFYF","CAWSVETGYEQYF","TRAV26-1.TRAJ49.TRAC","TRBV30..TRBJ2-7.TRBC2","TGCATCGTCAGAGCCCCGAACACCGGTAACCAGTTCTATTTT","TGTGCCTGGAGTGTCGAGACCGGTTACGAGCAGTACTTC",1,"368-01a, 368-16","368-01a",2,1,NA
"210","CAAGGATNKLIF_CAWSVLGPPADQPQHF","CAAGGATNKLIF","CAWSVLGPPADQPQHF","TRAV20.TRAJ32.TRAC","TRBV30..TRBJ1-5.TRBC1","TGTGCTGCCGGTGGTGCTACAAACAAGCTCATCTTT","TGTGCCTGGAGTGTACTAGGGCCCCCGGCGGATCAGCCCCAGCATTTT",1,"368-01a, 368-20","368-20",6,1,NA
"211","CAASASGNQFYF_CAWSVRPYNSPLHF","CAASASGNQFYF","CAWSVRPYNSPLHF","TRAV29/DV5.TRAJ49.TRAC","TRBV30..TRBJ1-6.TRBC1","TGTGCAGCAAGCGCATCCGGTAACCAGTTCTATTTT","TGTGCCTGGAGTGTACGCCCCTATAATTCACCCCTCCACTTT",1,"368-13, 368-16","368-16",2,1,NA
"212","CALSRNNNARLMF_CAWSVVGGPGDTQYF","CALSRNNNARLMF","CAWSVVGGPGDTQYF","TRAV9-2.TRAJ31.TRAC","TRBV30..TRBJ2-3.TRBC2","TGTGCTCTTTCCCGGAATAACAATGCCAGACTCATGTTT","TGTGCCTGGAGTGTCGTGGGGGGGCCCGGAGATACGCAGTATTTT",1,"368-13, 368-20","368-20",2,1,NA
"213","CAVNLMNRDDKIIF_CSAGSEQFF","CAVNLMNRDDKIIF","CSAGSEQFF","TRAV12-2.TRAJ30.TRAC","TRBV20-1..TRBJ2-1.TRBC2","TGTGCCGTGAACTTGATGAACAGAGATGACAAGATCATCTTT","TGCAGTGCAGGGAGTGAGCAGTTCTTC",1,"368-01a, 368-13","368-01a",2,1,NA
"214","CAAGAQKLVF_CSAHESGNGYTF","CAAGAQKLVF","CSAHESGNGYTF","TRAV25.TRAJ54.TRAC","TRBV20-1..TRBJ1-2.TRBC1","TGTGCAGCGGGAGCCCAGAAGCTGGTATTT","TGCAGTGCTCACGAATCCGGTAATGGCTACACCTTC",2,"368-16, 368-20","368-20",4,2,928
"215","CAVNLMNRDDKIIF_CSARDPRGHQETQYF","CAVNLMNRDDKIIF","CSARDPRGHQETQYF","TRAV8-1.TRAJ30.TRAC","TRBV20-1..TRBJ2-5.TRBC2","TGTGCCGTGAACCTCATGAACAGAGATGACAAGATCATCTTT","TGCAGTGCTAGAGATCCCCGGGGCCACCAAGAGACCCAGTACTTC",1,"368-01a, 368-13","368-13",2,1,NA
"216","CIVRVPGNQGGKLIF_CSARDRPGGRDTQYF","CIVRVPGNQGGKLIF","CSARDRPGGRDTQYF","TRAV26-1.TRAJ23.TRAC","TRBV20-1..TRBJ2-3.TRBC2","TGCATCGTCAGAGTCCCCGGTAACCAGGGAGGAAAGCTTATCTTC","TGCAGTGCTAGAGATCGTCCCGGGGGGAGGGATACGCAGTATTTT",1,"368-01a, 368-16","368-16",3,1,NA
"217","CIVRVPGNQGGKLIF_CSARGRQGASEAFF","CIVRVPGNQGGKLIF","CSARGRQGASEAFF","TRAV26-1.TRAJ23.TRAC","TRBV20-1.TRBD1.TRBJ1-1.TRBC1","TGCATCGTCAGAGTCCCAGGGAACCAGGGAGGAAAGCTTATCTTC","TGCAGTGCTAGAGGACGACAGGGGGCGTCTGAAGCTTTCTTT",1,"368-01a, 368-16","368-01a",3,1,NA
"218","CIVRVPGNQGGKLIF_CSARPPDRRRGTEAFF","CIVRVPGNQGGKLIF","CSARPPDRRRGTEAFF","TRAV26-1.TRAJ23.TRAC","TRBV20-1.TRBD1.TRBJ1-1.TRBC1","TGCATCGTCAGAGTCCCTGGTAACCAGGGAGGAAAGCTTATCTTC","TGCAGTGCTAGACCCCCGGACAGGAGAAGGGGCACTGAAGCTTTCTTT",1,"368-01a, 368-16","368-16",3,1,NA
"219","CAAGAQKLVF_CSASHTQYF","CAAGAQKLVF","CSASHTQYF","TRAV25.TRAJ54.TRAC","TRBV20-1..TRBJ2-3.TRBC2","TGTGCAGCTGGGGCCCAGAAGCTGGTATTT","TGCAGTGCTAGTCATACGCAGTATTTT",1,"368-16, 368-20","368-20",4,1,928
"220","CAQGAQKLVF_CSASKGAWSGYTF","CAQGAQKLVF","CSASKGAWSGYTF","TRAV25.TRAJ54.TRAC","TRBV20-1..TRBJ1-2.TRBC1","TGTGCTCAGGGAGCCCAGAAGCTGGTATTT","TGCAGTGCTAGTAAGGGGGCTTGGTCTGGCTACACCTTC",1,"368-16, 368-22","368-16",3,1,928
"221","CAGGAQKLVF_CSASPTGSGTIYF","CAGGAQKLVF","CSASPTGSGTIYF","TRAV25.TRAJ54.TRAC","TRBV20-1..TRBJ1-3.TRBC1","TGTGCAGGGGGAGCCCAGAAGCTGGTATTT","TGCAGTGCTAGCCCCACGGGGTCAGGCACCATATATTTT",1,"368-20, 368-22","368-20",2,1,928
"222","CALSDPGNQFYF_CSASQGGRMTEAFF","CALSDPGNQFYF","CSASQGGRMTEAFF","TRAV9-2.TRAJ49.TRAC","TRBV20-1..TRBJ1-1.TRBC1","TGTGCTCTGAGTGATCCCGGTAACCAGTTCTATTTT","TGCAGTGCTAGCCAGGGAGGGAGGATGACTGAAGCTTTCTTT",1,"368-16, 368-20","368-16",2,1,NA
"223","CAQGAQKLVF_CSASQSGTGELFF","CAQGAQKLVF","CSASQSGTGELFF","TRAV25.TRAJ54.TRAC","TRBV20-1..TRBJ2-2.TRBC2","TGTGCCCAGGGAGCCCAGAAGCTGGTATTT","TGCAGTGCTAGTCAATCCGGGACCGGGGAGCTGTTTTTT",1,"368-16, 368-22","368-22",3,1,928
"224","CAAGAQKLVF_CSASSGGFGELFF","CAAGAQKLVF","CSASSGGFGELFF","TRAV25.TRAJ54.TRAC","TRBV20-1..TRBJ2-2.TRBC2","TGTGCGGCGGGAGCCCAGAAGCTGGTATTT","TGCAGTGCATCTAGCGGGGGATTCGGGGAGCTGTTTTTT",1,"368-16, 368-20","368-16",4,1,928
"225","CALTTNTGNQFYF_CSASYTGGGYNEQFF","CALTTNTGNQFYF","CSASYTGGGYNEQFF","TRAV9-2.TRAJ49.TRAC","TRBV20-1..TRBJ2-1.TRBC2","TGTGCTCTGACTACGAACACCGGTAACCAGTTCTATTTT","TGCAGTGCTAGCTATACGGGGGGAGGATACAATGAGCAGTTCTTC",1,"368-01a, 368-20","368-20",2,1,NA
"226","CAVSAGGTSYGKLTF_CSATVQDNEQFF","CAVSAGGTSYGKLTF","CSATVQDNEQFF","TRAV8-1.TRAJ52.TRAC","TRBV20-1..TRBJ2-1.TRBC2","TGTGCCGTGAGTGCTGGTGGTACTAGCTATGGAAAGCTGACATTT","TGCAGTGCTACTGTACAGGACAATGAGCAGTTCTTC",1,"368-13, 368-20, 368-22","368-22",3,1,NA
"227","CAGGAQKLVF_CSAVLTSVDEQFF","CAGGAQKLVF","CSAVLTSVDEQFF","TRAV25.TRAJ54.TRAC","TRBV20-1..TRBJ2-1.TRBC2","TGTGCAGGGGGAGCCCAGAAGCTGGTATTT","TGCAGTGCCGTTCTAACTAGCGTCGATGAGCAGTTCTTC",1,"368-20, 368-22","368-22",2,1,928
"228","CAVQGQGGSEKLVF_CSIGGSFYGYTF","CAVQGQGGSEKLVF","CSIGGSFYGYTF","TRAV20.TRAJ57.TRAC","TRBV20-1..TRBJ1-2.TRBC1","TGTGCTGTGCAAGGGCAGGGCGGATCTGAAAAGCTGGTCTTT","TGCAGCATAGGGGGGTCTTTCTATGGCTACACCTTC",1,"368-01a, 368-22","368-01a",3,1,NA
"229","CAQGAQKLVF_CSVSGTGTGGYTF","CAQGAQKLVF","CSVSGTGTGGYTF","TRAV25.TRAJ54.TRAC","TRBV20-1.TRBD1.TRBJ1-2.TRBC1","TGTGCCCAGGGAGCCCAGAAGCTGGTATTT","TGCAGTGTATCCGGGACAGGTACGGGAGGCTACACCTTC",1,"368-16, 368-22","368-16",3,1,928
